order_id,customer_id,product_id,order_date,quantity,discount_pct,sales_amount,cost_amount,profit,order_status,month,month_name,year
O00001,C0200,P013,2025-08-05,11,0.1,3463.52,2524.28,939.24,Delivered,8,August,2025
O00002,C0023,P040,2025-01-26,2,0.05,206.47,168.8,37.67,Delivered,1,January,2025
O00003,C0218,P008,2025-10-30,7,0.05,632.88,516.67,116.21,Delivered,10,October,2025
O00004,C0141,P005,2025-01-05,8,0.1,1972.08,1646.48,325.6,Delivered,1,January,2025
O00005,C0104,P009,2025-01-20,1,0.15,408.64,284.51,124.13,Delivered,1,January,2025
O00006,C0210,P001,2025-07-17,12,0.05,2692.0,1727.88,964.12,Delivered,7,July,2025
O00007,C0111,P036,2025-02-28,10,0.1,587.88,532.6,55.28,Delivered,2,February,2025
O00008,C0104,P035,2025-08-30,9,0.15,1293.92,918.18,375.74,Delivered,8,August,2025
O00009,C0171,P002,2025-05-26,15,0.05,7090.66,5280.45,1810.21,Delivered,5,May,2025
O00010,C0133,P040,2025-09-30,13,0.05,1342.07,1097.2,244.87,Delivered,9,September,2025
O00011,C0293,P023,2025-09-06,15,,6128.52,4719.6,1408.92,Delivered,9,September,2025
O00012,C0127,P009,2025-01-14,11,0.15,4495.01,3129.61,1365.4,Delivered,1,January,2025
O00013,C0106,P034,2025-01-13,4,0.1,1855.76,1695.16,160.6,Delivered,1,January,2025
O00014,C0092,P046,2025-02-13,14,0.1,5044.54,4307.94,736.6,Delivered,2,February,2025
O00015,C0287,P014,2025-01-19,12,0.0,3680.16,3016.2,663.96,Delivered,1,January,2025
O00016,C0051,P004,2025-03-04,14,0.1,2924.08,2275.84,648.24,Delivered,3,March,2025
O00017,C0029,P030,2025-08-27,4,0.1,2187.5,1512.04,675.46,Delivered,8,August,2025
O00018,C0296,P031,2025-12-03,3,0.1,1969.16,1305.42,663.74,Delivered,12,December,2025
O00019,C0297,P038,2025-04-10,6,0.05,2498.2,1614.9,883.3,Delivered,4,April,2025
O00020,C0214,P011,2025-06-12,1,0.0,401.55,272.03,129.52,Delivered,6,June,2025
O00021,C0267,P035,2025-05-02,6,0.0,1014.84,612.12,402.72,Delivered,5,May,2025
O00022,C0257,P008,2025-02-13,2,0.25,142.76,147.62,-4.86,Delivered,2,February,2025
O00023,C0101,P003,2025-12-26,9,0.1,1164.78,940.41,224.37,Cancelled,12,December,2025
O00024,C0110,P014,2025-11-13,2,0.1,552.02,502.7,49.32,Delivered,11,November,2025
O00025,C0182,P013,2025-05-25,7,0.0,2448.95,1606.36,842.59,Delivered,5,May,2025
O00026,C0001,P045,2025-11-23,12,0.0,6572.88,4454.28,2118.6,delivered,11,November,2025
O00027,C0055,P032,2025-12-29,1,0.15,89.66,77.83,11.83,Delivered,12,December,2025
O00028,C0149,P034,2025-02-19,12,0.1,5567.29,5085.48,481.81,Delivered,2,February,2025
O00029,C0137,P045,2025-03-06,7,0.1,3450.76,2598.33,852.43,Delivered,3,March,2025
O00030,C0202,P019,2025-12-21,5,0.0,3624.7,2228.65,1396.05,Delivered,12,December,2025
O00031,C0117,P038,2025-10-15,8,0.15,2980.3,2153.2,827.1,Delivered,10,October,2025
O00032,C0154,P016,2025-06-13,4,0.0,1026.24,672.24,354.0,Cancelled,6,June,2025
O00033,C0291,P002,2025-05-21,15,0.0,7463.85,5280.45,2183.4,Delivered,5,May,2025
O00034,C0063,P040,2025-11-10,12,0.1,1173.64,1012.8,160.84,Delivered,11,November,2025
O00035,C0244,P017,2025-05-08,15,0.05,1581.04,1231.95,349.09,Delivered,5,May,2025
O00036,C0025,P034,2025-08-27,10,0.0,5154.9,4237.9,917.0,Delivered,8,August,2025
O00037,C0090,P042,2025-11-20,7,0.1,1103.19,774.83,328.36,Delivered,11,November,2025
O00038,C0075,P016,2025-10-23,6,0.15,1308.46,1008.36,300.1,Delivered,10,October,2025
O00039,C0294,P038,2025-07-06,5,0.15,1862.69,1345.75,516.94,Delivered,7,July,2025
O00040,C0210,P002,2025-07-27,4,0.1,1791.32,1408.12,383.2,Returned,7,July,2025
O00041,C0017,P002,2025-08-08,15,0.0,7463.85,5280.45,2183.4,Delivered,8,August,2025
O00042,C0128,P026,2025-07-09,7,0.05,1947.39,1577.94,369.45,Delivered,7,July,2025
O00043,C0251,P013,2025-12-12,12,0.25,3148.65,2753.76,394.89,Delivered,12,December,2025
O00044,C0179,P047,2025-10-11,5,0.1,1510.6,1236.5,274.1,Delivered,10,October,2025
O00045,C0182,P031,2025-12-18,5,0.15,3099.61,2175.7,923.91,Delivered,12,December,2025
O00046,C0152,P034,2025-08-25,15,0.0,7732.35,6356.85,1375.5,Delivered,8,August,2025
O00047,C0025,P039,2025-07-13,1,0.1,427.17,382.78,44.39,Delivered,7,July,2025
O00048,C0180,P003,2025-10-14,2,0.0,287.6,208.98,78.62,Delivered,10,October,2025
O00049,C0198,P008,2025-09-16,5,0.1,428.27,369.05,59.22,Delivered,9,September,2025
O00050,C0161,P023,2025-09-03,13,0.2,5311.38,4090.32,1221.06,Delivered,9,September,2025
O00051,C0177,P014,2025-05-16,3,0.25,690.03,754.05,-64.02,Delivered,5,May,2025
O00052,C0285,P027,2025-10-07,14,0.1,4023.43,2800.42,1223.01,Delivered,10,October,2025
O00053,C0063,P029,2025-09-28,13,0.1,7332.27,5460.65,1871.62,Delivered,9,September,2025
O00054,C0150,P039,2025-06-20,2,0.2,759.41,765.56,-6.15,Delivered,6,June,2025
O00055,C0154,P039,2025-06-08,14,0.15,5648.1,5358.92,289.18,Delivered,6,June,2025
O00056,C0156,P001,2025-07-20,14,0.0,3305.96,2015.86,1290.1,Delivered,7,July,2025
O00057,C0049,P017,2025-02-14,4,0.1,399.42,328.52,70.9,Delivered,2,February,2025
O00058,C0084,P041,2025-09-21,4,0.0,2298.96,1451.96,847.0,Delivered,9,September,2025
O00059,C0177,P030,2025-03-12,4,0.1,2187.5,1512.04,675.46,Delivered,3,March,2025
O00060,C0148,P013,2025-12-30,4,0.1,1259.46,917.92,341.54,Delivered,12,December,2025
O00061,C0118,P021,2025-04-13,3,0.1,1465.42,1107.6,357.82,Delivered,4,April,2025
O00062,C0063,P019,2025-05-05,13,0.05,8953.01,5794.49,3158.52,Delivered,5,May,2025
O00063,C0189,P019,2025-11-09,12,0.0,8699.28,5348.76,3350.52,Delivered,11,November,2025
O00064,C0049,P025,2025-10-13,7,0.1,2342.97,1947.05,395.92,Delivered,10,October,2025
O00065,C0257,P022,2025-08-18,9,0.15,1718.57,1198.98,519.59,Delivered,8,August,2025
O00066,C0224,P031,2025-05-26,12,0.15,7439.06,5221.68,2217.38,Delivered,5,May,2025
O00067,C0141,P017,2025-07-16,5,0.05,527.01,410.65,116.36,Delivered,7,July,2025
O00068,C0215,P023,2025-08-09,4,0.2,1634.27,1258.56,375.71,Delivered,8,August,2025
O00069,C0211,P032,2025-03-01,11,0.2,928.22,856.13,72.09,Delivered,3,March,2025
O00070,C0032,P010,2025-04-08,2,0.0,407.66,295.34,112.32,Delivered,4,April,2025
O00071,C0158,P010,2025-06-20,2,0.0,407.66,295.34,112.32,Delivered,6,June,2025
O00072,C0285,P036,2025-06-22,5,0.15,277.61,266.3,11.31,Delivered,6,June,2025
O00073,C0286,P008,2025-05-31,7,0.15,566.26,516.67,49.59,Delivered,5,May,2025
O00074,C0144,P020,2025-12-16,10,0.25,1849.28,1620.0,229.28,Delivered,12,December,2025
O00075,C0019,P032,2025-05-02,10,0.2,843.84,778.3,65.54,Delivered,5,May,2025
O00076,C0018,P050,2025-04-18,9,0.1,2330.29,1726.11,604.18,Delivered,4,April,2025
O00077,C0257,P014,2025-01-04,13,0.1,3588.16,3267.55,320.61,Delivered,1,January,2025
O00078,C0078,P050,2025-04-03,7,0.0,2013.83,1342.53,671.3,Delivered,4,April,2025
O00079,C0175,P028,2025-01-06,5,0.0,1013.75,866.35,147.4,Delivered,1,January,2025
O00080,C0194,P046,2025-10-15,10,0.1,3603.24,3077.1,526.14,Delivered,10,October,2025
O00081,C0113,P024,2025-04-16,10,0.1,3887.91,3481.0,406.91,Delivered,4,April,2025
O00082,C0114,P015,2025-05-26,10,0.1,725.4,470.3,255.1,Returned,5,May,2025
O00083,C0222,P022,2025-09-28,6,0.15,1145.72,799.32,346.4,Delivered,9,September,2025
O00084,C0166,P030,2025-04-06,11,0.05,6349.84,4158.11,2191.73,Delivered,4,April,2025
O00085,C0132,P004,2025-08-17,12,0.1,2506.36,1950.72,555.64,Delivered,8,August,2025
O00086,C0264,P013,2025-07-21,3,0.0,1049.55,688.44,361.11,Delivered,7,July,2025
O00087,C0055,P023,2025-07-31,5,0.1,2298.19,1573.2,724.99,Delivered,7,July,2025
O00088,C0131,P008,2025-01-06,8,0.15,647.16,590.48,56.68,Cancelled,1,January,2025
O00089,C0288,P018,2025-04-22,1,0.15,54.45,51.93,2.52,Delivered,4,April,2025
O00090,C0266,P012,2025-11-19,12,0.25,1381.23,1087.2,294.03,Delivered,11,November,2025
O00091,C0162,P031,2025-04-16,1,0.05,692.85,435.14,257.71,Delivered,4,April,2025
O00092,C0087,P014,2025-05-19,7,0.1,1932.08,1759.45,172.63,Delivered,5,May,2025
O00093,C0055,P034,2025-10-26,14,0.05,6856.02,5933.06,922.96,Delivered,10,October,2025
O00094,C0288,P018,2025-04-06,5,0.1,288.27,259.65,28.62,Delivered,4,April,2025
O00095,C0178,P034,2025-12-03,14,0.2,5773.49,5933.06,-159.57,Cancelled,12,December,2025
O00096,C0008,P011,2025-10-24,5,0.15,1706.59,1360.15,346.44,Delivered,10,October,2025
O00097,C0247,P041,2025-08-02,1,0.2,459.79,362.99,96.8,Cancelled,8,August,2025
O00098,C0255,P012,2025-10-18,9,0.0,1381.23,815.4,565.83,Delivered,10,October,2025
O00099,C0054,P049,2025-01-22,1,0.2,539.46,397.81,141.65,Delivered,1,January,2025
O00100,C0249,P015,2025-07-12,5,0.0,403.0,235.15,167.85,Delivered,7,July,2025
O00101,C0239,P031,2025-05-30,10,0.2,5834.56,4351.4,1483.16,Delivered,5,May,2025
O00102,C0229,P049,2025-09-04,9,0.05,5765.44,3580.29,2185.15,Delivered,9,September,2025
O00103,C0067,P029,2025-09-24,14,0.05,8334.98,5880.7,2454.28,Delivered,9,September,2025
O00104,C0051,P026,2025-09-08,15,0.1,3953.34,3381.3,572.04,Delivered,9,September,2025
O00105,C0097,P018,2025-01-03,4,0.2,204.99,207.72,-2.73,Delivered,1,January,2025
O00106,C0092,P032,2025-11-12,13,0.0,1371.24,1011.79,359.45,Delivered,11,November,2025
O00107,C0264,P022,2025-03-17,8,0.05,1707.34,1065.76,641.58,Returned,3,March,2025
O00108,C0291,P038,2025-03-28,6,0.2,2103.74,1614.9,488.84,Delivered,3,March,2025
O00109,C0096,P017,2025-09-27,11,0.05,1159.43,903.43,256.0,Delivered,9,September,2025
O00110,C0088,P023,2025-08-13,15,0.0,7660.65,4719.6,2941.05,Delivered,8,August,2025
O00111,C0078,P024,2025-01-18,3,0.1,1166.37,1044.3,122.07,Delivered,1,January,2025
O00112,C0288,P050,2025-04-23,4,0.05,1093.22,767.16,326.06,Delivered,4,April,2025
O00113,C0120,P008,2025-09-08,2,0.2,152.27,147.62,4.65,Delivered,9,September,2025
O00114,C0165,P041,2025-08-21,1,0.15,488.53,362.99,125.54,Delivered,8,August,2025
O00115,C0182,P006,2025-11-25,13,0.1,4502.39,3129.49,1372.9,Delivered,11,November,2025
O00116,C0223,P005,2025-10-06,14,0.25,2875.95,2881.34,-5.39,Delivered,10,October,2025
O00117,C0007,P044,2025-07-21,8,0.1,1069.27,758.48,310.79,Delivered,7,July,2025
O00118,C0263,P029,2025-03-24,1,0.0,626.69,420.05,206.64,Delivered,3,March,2025
O00119,C0161,P028,2025-05-05,14,0.05,2696.58,2425.78,270.8,Delivered,5,May,2025
O00120,C0151,P011,2025-06-24,13,0.1,4698.14,3536.39,1161.75,Delivered,6,June,2025
O00121,C0085,P001,2025-03-10,11,0.0,2597.54,1583.89,1013.65,Delivered,3,March,2025
O00122,C0147,P043,2025-02-16,1,0.2,116.08,94.55,21.53,Delivered,2,February,2025
O00123,C0112,P019,2025-09-13,4,0.15,2464.8,1782.92,681.88,Returned,9,September,2025
O00124,C0036,P009,2025-08-03,10,0.05,4567.12,2845.1,1722.02,Delivered,8,August,2025
O00125,C0285,P027,2025-01-30,12,0.1,3448.66,2400.36,1048.3,Delivered,1,January,2025
O00126,C0188,P034,2025-10-08,10,0.15,4381.66,4237.9,143.76,Delivered,10,October,2025
O00127,C0082,P044,2025-08-25,15,0.2,1782.12,1422.15,359.97,Delivered,8,August,2025
O00128,C0002,P004,2025-09-05,6,0.2,1113.94,975.36,138.58,Delivered,9,September,2025
O00129,C0197,P036,2025-01-25,9,0.1,529.09,479.34,49.75,Delivered,1,January,2025
O00130,C0011,P018,2025-03-15,1,0.15,54.45,51.93,2.52,Returned,3,March,2025
O00131,C0234,P015,2025-07-25,7,0.1,507.78,329.21,178.57,Delivered,7,July,2025
O00132,C0195,P013,2025-11-10,10,0.1,3148.65,2294.8,853.85,Delivered,11,November,2025
O00133,C0119,P019,2025-04-04,11,0.0,7974.34,4903.03,3071.31,Delivered,4,April,2025
O00134,C0020,P049,2025-05-07,5,0.0,3371.6,1989.05,1382.55,Delivered,5,May,2025
O00135,C0261,P006,2025-01-25,12,0.1,4156.06,2888.76,1267.3,Delivered,1,January,2025
O00136,C0293,P048,2025-11-30,15,0.05,3184.45,2662.5,521.95,Delivered,11,November,2025
O00137,C0256,P012,2025-12-21,8,0.0,1227.76,724.8,502.96,Delivered,12,December,2025
O00138,C0222,P037,2025-04-26,14,0.15,5617.04,4759.72,857.32,Delivered,4,April,2025
O00139,C0226,P017,2025-02-17,7,0.0,776.65,574.91,201.74,Delivered,2,February,2025
O00140,C0053,P023,2025-08-14,4,0.1,1838.56,1258.56,580.0,Delivered,8,August,2025
O00141,C0280,P026,2025-09-23,4,0.1,1054.22,901.68,152.54,Delivered,9,September,2025
O00142,C0081,P029,2025-04-09,6,0.25,2820.11,2520.3,299.81,Delivered,4,April,2025
O00143,C0202,P033,2025-01-11,6,0.1,2977.24,2013.72,963.52,Delivered,1,January,2025
O00144,C0158,P027,2025-03-26,9,0.0,2873.88,1800.27,1073.61,Delivered,3,March,2025
O00145,C0120,P025,2025-08-02,12,0.1,4016.52,3337.8,678.72,Delivered,8,August,2025
O00146,C0059,P010,2025-06-22,5,0.15,866.28,738.35,127.93,Delivered,6,June,2025
O00147,C0215,P047,2025-07-28,8,0.25,2014.14,1978.4,35.74,Delivered,7,July,2025
O00148,C0128,P023,2025-03-05,5,0.1,2298.19,1573.2,724.99,Delivered,3,March,2025
O00149,C0224,P021,2025-09-15,2,0.05,1031.22,738.4,292.82,Delivered,9,September,2025
O00150,C0209,P021,2025-11-28,15,0.2,6513.0,5538.0,975.0,Cancelled,11,November,2025
O00151,C0115,P043,2025-05-01,6,0.0,870.6,567.3,303.3,Delivered,5,May,2025
O00152,C0209,P013,2025-10-25,9,0.1,2833.79,2065.32,768.47,Delivered,10,October,2025
O00153,C0014,P037,2025-02-23,13,0.1,5522.63,4419.74,1102.89,Delivered,2,February,2025
O00154,C0009,P033,2025-11-27,3,0.0,1654.02,1006.86,647.16,Cancelled,11,November,2025
O00155,C0040,P024,2025-09-29,1,0.05,410.39,348.1,62.29,Delivered,9,September,2025
O00156,C0237,P044,2025-08-29,1,0.05,141.08,94.81,46.27,Returned,8,August,2025
O00157,C0281,P011,2025-08-31,13,0.15,4437.13,3536.39,900.74,Cancelled,8,August,2025
O00158,C0201,P017,2025-01-18,3,0.2,266.28,246.39,19.89,Delivered,1,January,2025
O00159,C0246,P004,2025-07-06,10,0.05,2204.66,1625.6,579.06,Delivered,7,July,2025
O00160,C0278,P047,2025-12-12,5,0.15,1426.68,1236.5,190.18,Returned,12,December,2025
O00161,C0235,P025,2025-05-24,3,0.0,1115.7,834.45,281.25,Delivered,5,May,2025
O00162,C0004,P030,2025-09-19,9,0.1,4921.88,3402.09,1519.79,Delivered,9,September,2025
O00163,C0154,P009,2025-12-30,8,0.0,3846.0,2276.08,1569.92,Delivered,12,December,2025
O00164,C0029,P021,2025-08-27,3,0.2,1302.6,1107.6,195.0,Delivered,8,August,2025
O00165,C0109,P020,2025-10-31,9,0.15,1886.26,1458.0,428.26,Delivered,10,October,2025
O00166,C0098,P019,2025-10-25,15,0.15,9242.98,6685.95,2557.03,Delivered,10,October,2025
O00167,C0215,P019,2025-03-17,13,0.15,8010.59,5794.49,2216.1,Delivered,3,March,2025
O00168,C0293,P012,2025-07-07,6,0.1,828.74,543.6,285.14,Delivered,7,July,2025
O00169,C0075,P037,2025-11-29,13,0.25,4602.2,4419.74,182.46,Delivered,11,November,2025
O00170,C0146,P042,2025-09-03,7,0.15,1041.9,774.83,267.07,Delivered,9,September,2025
O00171,C0128,P017,2025-05-10,4,0.2,355.04,328.52,26.52,Delivered,5,May,2025
O00172,C0042,P037,2025-11-11,4,0.1,1699.27,1359.92,339.35,Delivered,11,November,2025
O00173,C0041,P048,2025-10-10,12,0.0,2681.64,2130.0,551.64,Delivered,10,October,2025
O00174,C0034,P039,2025-03-20,13,0.1,5553.17,4976.14,577.03,Delivered,3,March,2025
O00175,C0017,P028,2025-03-13,2,0.0,405.5,346.54,58.96,Cancelled,3,March,2025
O00176,C0165,P041,2025-09-20,5,0.1,2586.33,1814.95,771.38,Delivered,9,September,2025
O00177,C0153,P035,2025-07-10,8,0.1,1217.81,816.16,401.65,Delivered,7,July,2025
O00178,C0076,P047,2025-03-04,7,0.1,2114.85,1731.1,383.75,Cancelled,3,March,2025
O00179,C0087,P048,2025-01-12,7,0.0,1564.29,1242.5,321.79,Cancelled,1,January,2025
O00180,C0117,P018,2025-05-21,6,0.0,384.36,311.58,72.78,Delivered,5,May,2025
O00181,C0027,P014,2025-09-11,3,0.1,828.04,754.05,73.99,Delivered,9,September,2025
O00182,C0287,P035,2025-02-12,5,0.25,634.28,510.1,124.18,Delivered,2,February,2025
O00183,C0134,P044,2025-01-17,13,0.05,1834.1,1232.53,601.57,Delivered,1,January,2025
O00184,C0219,P041,2025-03-04,1,0.1,517.27,362.99,154.28,Delivered,3,March,2025
O00185,C0168,P007,2025-09-10,7,0.15,1105.75,896.14,209.61,Delivered,9,September,2025
O00186,C0098,P041,2025-10-19,9,0.1,4655.39,3266.91,1388.48,Delivered,10,October,2025
O00187,C0268,P013,2025-01-08,1,0.05,332.36,229.48,102.88,Delivered,1,January,2025
O00188,C0237,P018,2025-11-21,13,0.1,749.5,675.09,74.41,Delivered,11,November,2025
O00189,C0173,P037,2025-03-31,2,0.0,944.04,679.96,264.08,Cancelled,3,March,2025
O00190,C0190,P013,2025-07-27,3,0.25,787.16,688.44,98.72,Delivered,7,July,2025
O00191,C0122,P036,2025-10-19,3,0.0,195.96,159.78,36.18,Returned,10,October,2025
O00192,C0046,P031,2025-10-11,8,0.05,5542.83,3481.12,2061.71,Returned,10,October,2025
O00193,C0064,P002,2025-04-28,7,0.0,3483.13,2464.21,1018.92,Delivered,4,April,2025
O00194,C0130,P016,2025-12-15,6,0.0,1539.36,1008.36,531.0,Delivered,12,December,2025
O00195,C0193,P009,2025-06-24,15,0.15,6129.56,4267.65,1861.91,Delivered,6,June,2025
O00196,C0181,P009,2025-03-17,10,0.0,4807.5,2845.1,1962.4,Delivered,3,March,2025
O00197,C0292,P038,2025-04-11,10,0.0,4382.8,2691.5,1691.3,Delivered,4,April,2025
O00198,C0282,P011,2025-05-31,11,0.1,3975.34,2992.33,983.01,Delivered,5,May,2025
O00199,C0029,P022,2025-09-27,4,0.0,898.6,532.88,365.72,Returned,9,September,2025
O00200,C0149,P033,2025-03-12,9,0.0,4962.06,3020.58,1941.48,Delivered,3,March,2025
O00201,C0267,P036,2025-06-29,1,0.15,55.52,53.26,2.26,Delivered,6,June,2025
O00202,C0296,P045,2025-05-04,11,0.15,5121.37,4083.09,1038.28,Delivered,5,May,2025
O00203,C0011,P023,2025-10-20,15,0.2,6128.52,4719.6,1408.92,Delivered,10,October,2025
O00204,C0164,P045,2025-10-12,2,0.2,876.38,742.38,134.0,Cancelled,10,October,2025
O00205,C0113,P045,2025-07-14,15,0.15,6983.68,5567.85,1415.83,Delivered,7,July,2025
O00206,C0187,P034,2025-08-16,14,0.0,7216.86,5933.06,1283.8,Delivered,8,August,2025
O00207,C0295,P009,2025-10-02,4,0.15,1634.55,1138.04,496.51,Delivered,10,October,2025
O00208,C0232,P024,2025-04-16,3,0.15,1101.57,1044.3,57.27,Delivered,4,April,2025
O00209,C0227,P008,2025-01-21,1,0.15,80.89,73.81,7.08,Delivered,1,January,2025
O00210,C0098,P007,2025-03-05,5,0.1,836.28,640.1,196.18,Delivered,3,March,2025
O00211,C0055,P036,2025-06-14,7,0.0,457.24,372.82,84.42,Delivered,6,June,2025
O00212,C0111,P018,2025-01-27,2,0.15,108.9,103.86,5.04,Cancelled,1,January,2025
O00213,C0152,P003,2025-11-07,5,0.15,611.15,522.45,88.7,Cancelled,11,November,2025
O00214,C0246,P028,2025-10-12,6,0.25,912.38,1039.62,-127.24,Delivered,10,October,2025
O00215,C0069,P006,2025-05-28,11,0.0,4233.02,2648.03,1584.99,Delivered,5,May,2025
O00216,C0289,P044,2025-10-08,7,0.0,1039.57,663.67,375.9,Delivered,10,October,2025
O00217,C0250,P044,2025-11-22,1,0.0,148.51,94.81,53.7,Delivered,11,November,2025
O00218,C0036,P021,2025-11-15,7,0.15,3229.36,2584.4,644.96,Delivered,11,November,2025
O00219,C0239,P028,2025-06-13,4,0.0,811.0,693.08,117.92,Delivered,6,June,2025
O00220,C0148,P040,2025-08-12,8,0.0,869.36,675.2,194.16,Delivered,8,August,2025
O00221,C0227,P001,2025-09-29,13,0.25,2302.36,1871.87,430.49,Delivered,9,September,2025
O00222,C0244,P036,2025-05-26,4,0.0,261.28,213.04,48.24,Delivered,5,May,2025
O00223,C0201,P021,2025-12-22,6,0.15,2768.02,2215.2,552.82,Delivered,12,December,2025
O00224,C0154,P043,2025-01-30,9,0.05,1240.6,850.95,389.65,Delivered,1,January,2025
O00225,C0073,P035,2025-02-14,5,0.15,718.84,510.1,208.74,Delivered,2,February,2025
O00226,C0201,P013,2025-10-02,14,0.1,4408.11,3212.72,1195.39,Cancelled,10,October,2025
O00227,C0296,P049,2025-02-03,12,0.2,6473.47,4773.72,1699.75,Delivered,2,February,2025
O00228,C0017,P010,2025-05-21,4,0.2,652.26,590.68,61.58,Delivered,5,May,2025
O00229,C0129,P044,2025-11-14,8,0.0,1188.08,758.48,429.6,Delivered,11,November,2025
O00230,C0217,P047,2025-08-09,13,0.0,4363.97,3214.9,1149.07,Delivered,8,August,2025
O00231,C0061,P010,2025-12-22,9,0.05,1742.75,1329.03,413.72,Delivered,12,December,2025
O00232,C0104,P046,2025-01-22,4,0.15,1361.22,1230.84,130.38,Delivered,1,January,2025
O00233,C0042,P013,2025-06-29,3,0.2,839.64,688.44,151.2,Cancelled,6,June,2025
O00234,C0025,P037,2025-11-25,8,0.1,3398.54,2719.84,678.7,Delivered,11,November,2025
O00235,C0039,P038,2025-08-19,14,0.1,5522.33,3768.1,1754.23,Delivered,8,August,2025
O00236,C0291,P024,2025-02-07,5,0.0,2159.95,1740.5,419.45,Delivered,2,February,2025
O00237,C0131,P002,2025-03-11,2,0.15,845.9,704.06,141.84,Delivered,3,March,2025
O00238,C0229,P022,2025-04-26,10,0.25,1684.88,1332.2,352.68,Delivered,4,April,2025
O00239,C0108,P017,2025-08-27,9,0.05,948.62,739.17,209.45,Delivered,8,August,2025
O00240,C0172,P036,2025-12-01,3,0.1,176.36,159.78,16.58,Delivered,12,December,2025
O00241,C0102,P014,2025-05-28,12,0.0,3680.16,3016.2,663.96,Delivered,5,May,2025
O00242,C0012,P010,2025-01-09,2,0.1,366.89,295.34,71.55,Delivered,1,January,2025
O00243,C0275,P035,2025-10-15,1,0.1,152.23,102.02,50.21,Delivered,10,October,2025
O00244,C0101,P025,2025-02-19,14,0.0,5206.6,3894.1,1312.5,Delivered,2,February,2025
O00245,C0044,P003,2025-12-04,8,0.1,1035.36,835.92,199.44,Delivered,12,December,2025
O00246,C0017,P047,2025-01-05,11,0.05,3507.96,2720.3,787.66,Cancelled,1,January,2025
O00247,C0057,P038,2025-12-09,3,0.1,1183.36,807.45,375.91,Delivered,12,December,2025
O00248,C0012,P017,2025-05-06,7,0.1,698.98,574.91,124.07,Delivered,5,May,2025
O00249,C0080,P012,2025-03-16,1,0.0,153.47,90.6,62.87,Delivered,3,March,2025
O00250,C0216,P024,2025-06-14,1,0.15,367.19,348.1,19.09,Delivered,6,June,2025
O00251,C0264,P029,2025-10-05,15,0.15,7990.3,6300.75,1689.55,Delivered,10,October,2025
O00252,C0149,P043,2025-11-20,12,0.05,1654.14,1134.6,519.54,Delivered,11,November,2025
O00253,C0081,P025,2025-10-27,9,0.0,3347.1,2503.35,843.75,Delivered,10,October,2025
O00254,C0215,P036,2025-10-17,15,0.15,832.83,798.9,33.93,Delivered,10,October,2025
O00255,C0198,P026,2025-03-18,12,0.25,2635.56,2705.04,-69.48,Delivered,3,March,2025
O00256,C0200,P038,2025-10-25,8,0.0,3506.24,2153.2,1353.04,Delivered,10,October,2025
O00257,C0025,P001,2025-05-17,12,0.05,2692.0,1727.88,964.12,Cancelled,5,May,2025
O00258,C0089,P020,2025-04-16,13,0.0,3205.41,2106.0,1099.41,Delivered,4,April,2025
O00259,C0268,P028,2025-04-05,3,0.1,547.43,519.81,27.62,Cancelled,4,April,2025
O00260,C0143,P016,2025-05-15,6,0.0,1539.36,1008.36,531.0,Delivered,5,May,2025
O00261,C0059,P047,2025-03-09,11,0.05,3507.96,2720.3,787.66,Delivered,3,March,2025
O00262,C0026,P017,2025-05-27,3,0.15,282.92,246.39,36.53,Cancelled,5,May,2025
O00263,C0047,P040,2025-06-08,13,0.1,1271.44,1097.2,174.24,Cancelled,6,June,2025
O00264,C0288,P028,2025-06-12,12,0.05,2311.35,2079.24,232.11,Delivered,6,June,2025
O00265,C0266,P012,2025-12-07,4,0.1,552.49,362.4,190.09,Delivered,12,December,2025
O00266,C0016,P027,2025-07-08,1,0.1,287.39,200.03,87.36,Delivered,7,July,2025
O00267,C0199,P042,2025-12-05,5,0.0,875.55,553.45,322.1,Delivered,12,December,2025
O00268,C0282,P047,2025-04-05,1,0.0,335.69,247.3,88.39,Delivered,4,April,2025
O00269,C0086,P030,2025-06-30,13,0.2,6319.46,4914.13,1405.33,Delivered,6,June,2025
O00270,C0250,P041,2025-10-15,1,0.0,574.74,362.99,211.75,Delivered,10,October,2025
O00271,C0270,P034,2025-11-18,10,0.15,4381.66,4237.9,143.76,Delivered,11,November,2025
O00272,C0117,P037,2025-07-06,15,0.2,5664.24,5099.7,564.54,Delivered,7,July,2025
O00273,C0007,P006,2025-05-18,11,0.05,4021.37,2648.03,1373.34,Delivered,5,May,2025
O00274,C0137,P007,2025-05-10,11,0.05,1942.03,1408.22,533.81,Delivered,5,May,2025
O00275,C0176,P032,2025-07-13,14,0.1,1329.05,1089.62,239.43,Delivered,7,July,2025
O00276,C0215,P032,2025-11-12,7,0.2,590.69,544.81,45.88,Delivered,11,November,2025
O00277,C0082,P025,2025-09-30,12,0.2,3570.24,3337.8,232.44,Delivered,9,September,2025
O00278,C0223,P033,2025-12-18,6,0.15,2811.83,2013.72,798.11,Cancelled,12,December,2025
O00279,C0103,P007,2025-05-24,2,0.0,371.68,256.04,115.64,Delivered,5,May,2025
O00280,C0273,P012,2025-01-16,14,0.15,1826.29,1268.4,557.89,Delivered,1,January,2025
O00281,C0014,P016,2025-10-29,11,0.1,2539.94,1848.66,691.28,Delivered,10,October,2025
O00282,C0159,P016,2025-09-02,12,0.1,2770.85,2016.72,754.13,Delivered,9,September,2025
O00283,C0152,P043,2025-04-17,2,0.0,290.2,189.1,101.1,Delivered,4,April,2025
O00284,C0108,P036,2025-03-29,11,0.0,718.52,585.86,132.66,Delivered,3,March,2025
O00285,C0188,P013,2025-05-09,7,0.15,2081.61,1606.36,475.25,Delivered,5,May,2025
O00286,C0098,P007,2025-12-07,1,0.1,167.26,128.02,39.24,Delivered,12,December,2025
O00287,C0131,P036,2025-01-04,13,0.05,806.7,692.38,114.32,Delivered,1,January,2025
O00288,C0293,P047,2025-11-23,2,0.05,637.81,494.6,143.21,Delivered,11,November,2025
O00289,C0171,P009,2025-11-02,12,0.2,4615.2,3414.12,1201.08,Cancelled,11,November,2025
O00290,C0183,P032,2025-04-05,8,0.15,717.26,622.64,94.62,Delivered,4,April,2025
O00291,C0039,P011,2025-07-28,6,0.05,2288.84,1632.18,656.66,Delivered,7,July,2025
O00292,C0015,P008,2025-08-13,15,0.0,1427.55,1107.15,320.4,Delivered,8,August,2025
O00293,C0004,P033,2025-12-14,14,0.05,7332.82,4698.68,2634.14,Delivered,12,December,2025
O00294,C0210,P023,2025-11-17,2,0.2,817.14,629.28,187.86,Delivered,11,November,2025
O00295,C0161,P025,2025-02-16,7,0.1,2342.97,1947.05,395.92,Delivered,2,February,2025
O00296,C0016,P008,2025-06-30,4,0.1,342.61,295.24,47.37,Delivered,6,June,2025
O00297,C0108,P045,2025-04-16,2,0.1,985.93,742.38,243.55,Delivered,4,April,2025
O00298,C0227,P022,2025-07-18,12,0.05,2561.01,1598.64,962.37,Delivered,7,July,2025
O00299,C0170,P004,2025-04-16,6,0.15,1183.56,975.36,208.2,Delivered,4,April,2025
O00300,C0034,P040,2025-10-07,11,0.1,1075.83,928.4,147.43,Delivered,10,October,2025
O00301,C0251,P003,2025-09-17,15,0.0,2157.0,1567.35,589.65,Delivered,9,September,2025
O00302,C0247,P029,2025-04-18,9,0.0,5640.21,3780.45,1859.76,Delivered,4,April,2025
O00303,C0269,P041,2025-01-19,11,0.1,5689.93,3992.89,1697.04,Delivered,1,January,2025
O00304,C0141,P029,2025-10-23,9,0.2,4512.17,3780.45,731.72,Delivered,10,October,2025
O00305,C0274,P034,2025-11-02,14,0.05,6856.02,5933.06,922.96,Delivered,11,November,2025
O00306,C0096,P034,2025-06-20,8,0.2,3299.14,3390.32,-91.18,Delivered,6,June,2025
O00307,C0227,P028,2025-11-27,15,0.15,2585.06,2599.05,-13.99,Cancelled,11,November,2025
O00308,C0039,P013,2025-07-14,3,0.0,1049.55,688.44,361.11,Returned,7,July,2025
O00309,C0029,P015,2025-01-12,3,0.0,241.8,141.09,100.71,Delivered,1,January,2025
O00310,C0245,P023,2025-07-14,2,0.0,1021.42,629.28,392.14,Delivered,7,July,2025
O00311,C0236,P044,2025-10-10,5,0.15,631.17,474.05,157.12,Cancelled,10,October,2025
O00312,C0185,P026,2025-07-01,14,0.0,4099.76,3155.88,943.88,Cancelled,7,July,2025
O00313,C0272,P004,2025-11-01,12,0.05,2645.6,1950.72,694.88,Delivered,11,November,2025
O00314,C0236,P026,2025-05-24,14,0.1,3689.78,3155.88,533.9,Delivered,5,May,2025
O00315,C0239,P040,2025-11-12,4,0.15,369.48,337.6,31.88,Delivered,11,November,2025
O00316,C0266,P009,2025-07-01,7,0.0,3365.25,1991.57,1373.68,Returned,7,July,2025
O00317,C0065,P005,2025-01-30,4,0.1,986.04,823.24,162.8,Delivered,1,January,2025
O00318,C0177,P032,2025-03-25,9,0.1,854.39,700.47,153.92,Delivered,3,March,2025
O00319,C0003,P020,2025-06-15,12,0.1,2662.96,1944.0,718.96,Delivered,6,June,2025
O00320,C0142,P050,2025-10-11,12,0.15,2934.44,2301.48,632.96,Delivered,10,October,2025
O00321,C0158,P011,2025-10-08,2,0.0,803.1,544.06,259.04,Delivered,10,October,2025
O00322,C0146,P015,2025-04-06,11,0.15,753.61,517.33,236.28,Delivered,4,April,2025
O00323,C0293,P032,2025-09-23,14,0.15,1255.21,1089.62,165.59,Delivered,9,September,2025
O00324,C0153,P028,2025-10-25,6,0.1,1094.85,1039.62,55.23,Delivered,10,October,2025
O00325,C0193,P022,2025-10-23,15,0.15,2864.29,1998.3,865.99,Delivered,10,October,2025
O00326,C0073,P041,2025-08-13,7,0.1,3620.86,2540.93,1079.93,Delivered,8,August,2025
O00327,C0140,P017,2025-11-29,4,0.0,443.8,328.52,115.28,Delivered,11,November,2025
O00328,C0187,P026,2025-12-27,13,0.15,3235.88,2930.46,305.42,Delivered,12,December,2025
O00329,C0293,P044,2025-02-11,6,0.1,801.95,568.86,233.09,Delivered,2,February,2025
O00330,C0061,P007,2025-10-30,7,0.1,1170.79,896.14,274.65,Delivered,10,October,2025
O00331,C0198,P042,2025-09-03,4,0.05,665.42,442.76,222.66,Delivered,9,September,2025
O00332,C0295,P026,2025-07-27,15,0.2,3514.08,3381.3,132.78,Delivered,7,July,2025
O00333,C0011,P025,2025-08-25,8,0.1,2677.68,2225.2,452.48,Delivered,8,August,2025
O00334,C0062,P010,2025-01-22,9,0.0,1834.47,1329.03,505.44,Delivered,1,January,2025
O00335,C0226,P045,2025-07-04,1,0.1,492.97,371.19,121.78,Delivered,7,July,2025
O00336,C0153,P019,2025-08-30,7,0.15,4313.39,3120.11,1193.28,Delivered,8,August,2025
O00337,C0199,P011,2025-12-29,9,0.15,3071.86,2448.27,623.59,Delivered,12,December,2025
O00338,C0052,P013,2025-10-10,15,0.1,4722.98,3442.2,1280.78,Delivered,10,October,2025
O00339,C0260,P008,2025-02-10,12,0.2,913.63,885.72,27.91,Delivered,2,February,2025
O00340,C0059,P040,2025-12-02,10,0.05,1032.36,844.0,188.36,Delivered,12,December,2025
O00341,C0072,P004,2025-06-11,5,0.1,1044.32,812.8,231.52,Delivered,6,June,2025
O00342,C0148,P047,2025-06-09,12,0.2,3222.62,2967.6,255.02,Delivered,6,June,2025
O00343,C0063,P031,2025-03-30,2,0.2,1166.91,870.28,296.63,Delivered,3,March,2025
O00344,C0243,P028,2025-11-18,10,0.15,1723.38,1732.7,-9.32,Delivered,11,November,2025
O00345,C0107,P011,2025-01-12,6,0.2,1927.44,1632.18,295.26,Delivered,1,January,2025
O00346,C0226,P043,2025-03-14,12,0.0,1741.2,1134.6,606.6,Delivered,3,March,2025
O00347,C0218,P001,2025-03-17,12,0.2,2266.94,1727.88,539.06,Delivered,3,March,2025
O00348,C0241,P049,2025-12-12,7,0.05,4484.23,2784.67,1699.56,Delivered,12,December,2025
O00349,C0259,P047,2025-07-20,2,0.0,671.38,494.6,176.78,Delivered,7,July,2025
O00350,C0262,P038,2025-01-10,2,0.0,876.56,538.3,338.26,Delivered,1,January,2025
O00351,C0005,P024,2025-12-18,10,0.1,3887.91,3481.0,406.91,Delivered,12,December,2025
O00352,C0261,P047,2025-08-14,15,0.05,4783.58,3709.5,1074.08,Delivered,8,August,2025
O00353,C0054,P031,2025-06-25,14,0.05,9699.96,6091.96,3608.0,Delivered,6,June,2025
O00354,C0047,P041,2025-10-03,12,0.0,6896.88,4355.88,2541.0,Delivered,10,October,2025
O00355,C0215,P046,2025-02-08,10,0.05,3803.42,3077.1,726.32,Cancelled,2,February,2025
O00356,C0177,P050,2025-03-01,1,0.1,258.92,191.79,67.13,Delivered,3,March,2025
O00357,C0009,P026,2025-03-07,4,0.1,1054.22,901.68,152.54,Delivered,3,March,2025
O00358,C0099,P049,2025-11-17,7,0.05,4484.23,2784.67,1699.56,Delivered,11,November,2025
O00359,C0020,P050,2025-05-04,14,0.15,3423.51,2685.06,738.45,Delivered,5,May,2025
O00360,C0241,P005,2025-06-13,9,0.2,1972.08,1852.29,119.79,Delivered,6,June,2025
O00361,C0061,P020,2025-06-08,15,0.15,3143.77,2430.0,713.77,Delivered,6,June,2025
O00362,C0178,P041,2025-02-26,3,0.05,1638.01,1088.97,549.04,Delivered,2,February,2025
O00363,C0062,P011,2025-03-19,12,0.15,4095.81,3264.36,831.45,Delivered,3,March,2025
O00364,C0145,P033,2025-07-13,11,0.0,6064.74,3691.82,2372.92,Delivered,7,July,2025
O00365,C0216,P050,2025-10-12,7,0.0,2013.83,1342.53,671.3,Delivered,10,October,2025
O00366,C0003,P038,2025-01-15,7,0.05,2914.56,1884.05,1030.51,Cancelled,1,January,2025
O00367,C0160,P027,2025-01-12,7,0.15,1899.95,1400.21,499.74,Delivered,1,January,2025
O00368,C0227,P034,2025-04-11,2,0.0,1030.98,847.58,183.4,Delivered,4,April,2025
O00369,C0269,P015,2025-06-05,6,0.0,483.6,282.18,201.42,Delivered,6,June,2025
O00370,C0120,P032,2025-12-06,2,0.0,210.96,155.66,55.3,Delivered,12,December,2025
O00371,C0089,P021,2025-05-05,6,0.2,2605.2,2215.2,390.0,Delivered,5,May,2025
O00372,C0068,P046,2025-12-25,13,0.1,4684.21,4000.23,683.98,Delivered,12,December,2025
O00373,C0098,P005,2025-10-07,10,0.05,2602.05,2058.1,543.95,Delivered,10,October,2025
O00374,C0267,P006,2025-04-20,3,0.1,1039.01,722.19,316.82,Delivered,4,April,2025
O00375,C0105,P038,2025-11-30,14,0.1,5522.33,3768.1,1754.23,Delivered,11,November,2025
O00376,C0123,P022,2025-12-23,2,0.15,381.9,266.44,115.46,Delivered,12,December,2025
O00377,C0029,P018,2025-05-26,12,0.0,768.72,623.16,145.56,Delivered,5,May,2025
O00378,C0137,P014,2025-08-04,15,0.2,3680.16,3770.25,-90.09,Delivered,8,August,2025
O00379,C0195,P010,2025-06-11,14,0.05,2710.94,2067.38,643.56,Delivered,6,June,2025
O00380,C0226,P046,2025-05-08,6,0.15,2041.84,1846.26,195.58,Delivered,5,May,2025
O00381,C0170,P013,2025-11-10,2,0.0,699.7,458.96,240.74,Delivered,11,November,2025
O00382,C0009,P031,2025-11-28,5,0.05,3464.27,2175.7,1288.57,Delivered,11,November,2025
O00383,C0040,P030,2025-05-30,2,0.05,1154.52,756.02,398.5,Delivered,5,May,2025
O00384,C0025,P003,2025-02-05,3,0.1,388.26,313.47,74.79,Delivered,2,February,2025
O00385,C0261,P030,2025-06-22,3,0.0,1822.92,1134.03,688.89,Delivered,6,June,2025
O00386,C0226,P006,2025-01-22,6,0.15,1962.58,1444.38,518.2,Delivered,1,January,2025
O00387,C0124,P029,2025-07-25,6,0.0,3760.14,2520.3,1239.84,Delivered,7,July,2025
O00388,C0038,P008,2025-05-07,10,0.15,808.94,738.1,70.84,Delivered,5,May,2025
O00389,C0251,P044,2025-12-02,3,0.15,378.7,284.43,94.27,Delivered,12,December,2025
O00390,C0176,P045,2025-12-22,3,0.1,1478.9,1113.57,365.33,Delivered,12,December,2025
O00391,C0090,P043,2025-08-05,13,0.15,1603.36,1229.15,374.21,Delivered,8,August,2025
O00392,C0037,P044,2025-04-06,12,0.15,1514.8,1137.72,377.08,Returned,4,April,2025
O00393,C0176,P033,2025-06-13,13,0.05,6809.05,4363.06,2445.99,Delivered,6,June,2025
O00394,C0284,P017,2025-05-28,1,0.15,94.31,82.13,12.18,Delivered,5,May,2025
O00395,C0081,P048,2025-01-18,7,0.05,1486.08,1242.5,243.58,Delivered,1,January,2025
O00396,C0114,P011,2025-10-21,13,0.1,4698.14,3536.39,1161.75,Cancelled,10,October,2025
O00397,C0040,P013,2025-07-14,8,0.15,2378.98,1835.84,543.14,Delivered,7,July,2025
O00398,C0224,P050,2025-05-31,2,0.05,546.61,383.58,163.03,Delivered,5,May,2025
O00399,C0115,P011,2025-12-31,4,0.05,1525.89,1088.12,437.77,Delivered,12,December,2025
O00400,C0186,P031,2025-05-03,10,0.1,6563.88,4351.4,2212.48,Delivered,5,May,2025
O00401,C0056,P028,2025-07-06,7,0.15,1206.36,1212.89,-6.53,Delivered,7,July,2025
O00402,C0040,P044,2025-05-29,8,0.2,950.46,758.48,191.98,Delivered,5,May,2025
O00403,C0040,P006,2025-04-14,1,0.1,346.34,240.73,105.61,Delivered,4,April,2025
O00404,C0237,P041,2025-08-31,4,0.15,1954.12,1451.96,502.16,Delivered,8,August,2025
O00405,C0289,P016,2025-08-19,6,0.2,1231.49,1008.36,223.13,Delivered,8,August,2025
O00406,C0262,P004,2025-07-25,3,0.0,696.21,487.68,208.53,Delivered,7,July,2025
O00407,C0216,P035,2025-07-17,5,0.0,845.7,510.1,335.6,Delivered,7,July,2025
O00408,C0147,P048,2025-12-03,10,0.15,1899.5,1775.0,124.5,Delivered,12,December,2025
O00409,C0168,P026,2025-03-28,9,0.15,2240.23,2028.78,211.45,Delivered,3,March,2025
O00410,C0092,P012,2025-05-22,11,0.2,1350.54,996.6,353.94,Cancelled,5,May,2025
O00411,C0059,P011,2025-11-13,13,0.1,4698.14,3536.39,1161.75,Delivered,11,November,2025
O00412,C0059,P037,2025-07-18,3,0.0,1416.06,1019.94,396.12,Delivered,7,July,2025
O00413,C0169,P025,2025-02-15,5,0.1,1673.55,1390.75,282.8,Delivered,2,February,2025
O00414,C0269,P018,2025-10-15,8,0.0,512.48,415.44,97.04,Cancelled,10,October,2025
O00415,C0045,P019,2025-01-15,6,0.05,4132.16,2674.38,1457.78,Delivered,1,January,2025
O00416,C0181,P023,2025-02-13,4,0.15,1736.41,1258.56,477.85,Delivered,2,February,2025
O00417,C0170,P038,2025-06-18,8,0.0,3506.24,2153.2,1353.04,Delivered,6,June,2025
O00418,C0191,P018,2025-11-06,11,0.15,598.96,571.23,27.73,Delivered,11,November,2025
O00419,C0155,P026,2025-02-13,3,0.1,790.67,676.26,114.41,Delivered,2,February,2025
O00420,C0188,P006,2025-04-08,3,0.1,1039.01,722.19,316.82,Delivered,4,April,2025
O00421,C0007,P004,2025-09-18,4,0.0,928.28,650.24,278.04,Delivered,9,September,2025
O00422,C0133,P044,2025-04-19,9,0.05,1269.76,853.29,416.47,Delivered,4,April,2025
O00423,C0235,P029,2025-10-10,5,0.0,3133.45,2100.25,1033.2,Delivered,10,October,2025
O00424,C0045,P034,2025-12-09,8,0.25,3092.94,3390.32,-297.38,Delivered,12,December,2025
O00425,C0249,P017,2025-04-14,6,0.15,565.84,492.78,73.06,Delivered,4,April,2025
O00426,C0031,P043,2025-09-13,3,0.1,391.77,283.65,108.12,Delivered,9,September,2025
O00427,C0023,P043,2025-07-25,15,0.0,2176.5,1418.25,758.25,Delivered,7,July,2025
O00428,C0160,P016,2025-12-01,8,0.2,1641.98,1344.48,297.5,Delivered,12,December,2025
O00429,C0158,P002,2025-02-12,12,0.05,5672.53,4224.36,1448.17,Delivered,2,February,2025
O00430,C0039,P034,2025-12-19,9,0.0,4639.41,3814.11,825.3,Delivered,12,December,2025
O00431,C0082,P008,2025-09-02,8,0.1,685.22,590.48,94.74,Returned,9,September,2025
O00432,C0258,P013,2025-10-14,13,0.2,3638.44,2983.24,655.2,Delivered,10,October,2025
O00433,C0206,P042,2025-12-21,4,0.0,700.44,442.76,257.68,Delivered,12,December,2025
O00434,C0077,P008,2025-09-30,14,0.0,1332.38,1033.34,299.04,Delivered,9,September,2025
O00435,C0012,P030,2025-03-24,14,0.2,6805.57,5292.14,1513.43,Delivered,3,March,2025
O00436,C0295,P032,2025-04-20,13,0.0,1371.24,1011.79,359.45,Delivered,4,April,2025
O00437,C0224,P036,2025-07-09,11,0.0,718.52,585.86,132.66,Delivered,7,July,2025
O00438,C0013,P047,2025-10-15,6,0.1,1812.73,1483.8,328.93,Delivered,10,October,2025
O00439,C0046,P030,2025-09-08,1,0.2,486.11,378.01,108.1,Delivered,9,September,2025
O00440,C0155,P001,2025-07-31,4,0.1,850.1,575.96,274.14,Delivered,7,July,2025
O00441,C0113,P043,2025-10-18,8,0.25,870.6,756.4,114.2,Delivered,10,October,2025
O00442,C0233,P039,2025-05-13,1,0.15,403.44,382.78,20.66,Delivered,5,May,2025
O00443,C0017,P017,2025-07-20,3,0.0,332.85,246.39,86.46,Delivered,7,July,2025
O00444,C0223,P020,2025-10-12,1,0.25,184.93,162.0,22.93,Delivered,10,October,2025
O00445,C0188,P024,2025-11-22,9,0.1,3499.12,3132.9,366.22,Delivered,11,November,2025
O00446,C0163,P050,2025-04-05,2,0.05,546.61,383.58,163.03,Delivered,4,April,2025
O00447,C0074,P022,2025-10-05,9,0.1,1819.67,1198.98,620.69,Delivered,10,October,2025
O00448,C0233,P029,2025-11-21,13,0.05,7739.62,5460.65,2278.97,Delivered,11,November,2025
O00449,C0224,P022,2025-08-07,4,0.0,898.6,532.88,365.72,Delivered,8,August,2025
O00450,C0060,P044,2025-03-30,2,0.0,297.02,189.62,107.4,Cancelled,3,March,2025
O00451,C0222,P009,2025-03-13,4,0.1,1730.7,1138.04,592.66,Delivered,3,March,2025
O00452,C0037,P037,2025-09-04,12,0.15,4814.6,4079.76,734.84,Delivered,9,September,2025
O00453,C0278,P010,2025-05-09,11,0.1,2017.92,1624.37,393.55,Delivered,5,May,2025
O00454,C0196,P036,2025-07-31,11,0.25,538.89,585.86,-46.97,Delivered,7,July,2025
O00455,C0242,P037,2025-12-09,10,0.05,4484.19,3399.8,1084.39,Delivered,12,December,2025
O00456,C0219,P028,2025-04-06,6,0.05,1155.68,1039.62,116.06,Delivered,4,April,2025
O00457,C0192,P028,2025-03-16,15,0.0,3041.25,2599.05,442.2,Delivered,3,March,2025
O00458,C0017,P042,2025-02-23,11,0.0,1926.21,1217.59,708.62,Delivered,2,February,2025
O00459,C0012,P043,2025-12-10,7,0.05,964.91,661.85,303.06,Cancelled,12,December,2025
O00460,C0193,P021,2025-02-23,3,0.15,1384.01,1107.6,276.41,Delivered,2,February,2025
O00461,C0022,P024,2025-08-06,3,0.2,1036.78,1044.3,-7.52,Delivered,8,August,2025
O00462,C0120,P042,2025-01-16,12,0.25,1575.99,1328.28,247.71,Delivered,1,January,2025
O00463,C0210,P040,2025-04-09,10,0.0,1086.7,844.0,242.7,Delivered,4,April,2025
O00464,C0270,P002,2025-01-20,12,0.2,4776.86,4224.36,552.5,Delivered,1,January,2025
O00465,C0192,P008,2025-02-15,8,0.05,723.29,590.48,132.81,Delivered,2,February,2025
O00466,C0175,P048,2025-07-12,5,0.0,1117.35,887.5,229.85,Delivered,7,July,2025
O00467,C0285,P027,2025-02-27,4,0.2,1021.82,800.12,221.7,Delivered,2,February,2025
O00468,C0204,P022,2025-04-21,7,0.1,1415.3,932.54,482.76,Delivered,4,April,2025
O00469,C0164,P037,2025-05-09,7,0.0,3304.14,2379.86,924.28,Delivered,5,May,2025
O00470,C0251,P027,2025-12-03,13,0.1,3736.04,2600.39,1135.65,Cancelled,12,December,2025
O00471,C0227,P029,2025-07-13,9,0.05,5358.2,3780.45,1577.75,Delivered,7,July,2025
O00472,C0007,P003,2025-12-06,9,0.15,1100.07,940.41,159.66,Returned,12,December,2025
O00473,C0029,P044,2025-11-22,5,0.1,668.3,474.05,194.25,Delivered,11,November,2025
O00474,C0033,P013,2025-01-08,13,0.25,3411.04,2983.24,427.8,Delivered,1,January,2025
O00475,C0134,P045,2025-01-29,12,0.0,6572.88,4454.28,2118.6,Delivered,1,January,2025
O00476,C0079,P010,2025-04-22,13,0.05,2517.3,1919.71,597.59,Delivered,4,April,2025
O00477,C0058,P036,2025-06-10,8,0.1,470.3,426.08,44.22,Delivered,6,June,2025
O00478,C0026,P009,2025-05-11,10,0.1,4326.75,2845.1,1481.65,Delivered,5,May,2025
O00479,C0226,P027,2025-07-07,1,0.05,303.35,200.03,103.32,Delivered,7,July,2025
O00480,C0285,P034,2025-06-12,9,0.15,3943.5,3814.11,129.39,Delivered,6,June,2025
O00481,C0004,P001,2025-07-16,8,0.2,1511.3,1151.92,359.38,Delivered,7,July,2025
O00482,C0099,P032,2025-12-30,6,0.2,506.3,466.98,39.32,Delivered,12,December,2025
O00483,C0039,P025,2025-07-23,13,0.15,4109.5,3615.95,493.55,Delivered,7,July,2025
O00484,C0271,P029,2025-07-31,3,0.2,1504.06,1260.15,243.91,Delivered,7,July,2025
O00485,C0285,P007,2025-04-19,3,0.1,501.77,384.06,117.71,Delivered,4,April,2025
O00486,C0157,P049,2025-10-03,8,0.15,4585.38,3182.48,1402.9,Cancelled,10,October,2025
O00487,C0075,P003,2025-03-14,5,0.05,683.05,522.45,160.6,Delivered,3,March,2025
O00488,C0288,P020,2025-06-16,10,0.05,2342.41,1620.0,722.41,Delivered,6,June,2025
O00489,C0130,P020,2025-09-17,11,0.05,2576.66,1782.0,794.66,Delivered,9,September,2025
O00490,C0175,P030,2025-08-31,14,0.1,7656.26,5292.14,2364.12,Delivered,8,August,2025
O00491,C0084,P035,2025-10-02,7,0.05,1124.78,714.14,410.64,Delivered,10,October,2025
O00492,C0022,P035,2025-04-12,5,0.25,634.28,510.1,124.18,Delivered,4,April,2025
O00493,C0027,P049,2025-06-22,8,0.05,5124.83,3182.48,1942.35,Delivered,6,June,2025
O00494,C0195,P039,2025-06-20,10,0.0,4746.3,3827.8,918.5,Delivered,6,June,2025
O00495,C0236,P027,2025-05-21,10,0.1,2873.88,2000.3,873.58,Delivered,5,May,2025
O00496,C0092,P026,2025-07-07,4,0.0,1171.36,901.68,269.68,Delivered,7,July,2025
O00497,C0021,P014,2025-03-27,2,0.0,613.36,502.7,110.66,Delivered,3,March,2025
O00498,C0084,P017,2025-02-21,3,0.0,332.85,246.39,86.46,Delivered,2,February,2025
O00499,C0262,P018,2025-04-21,8,0.1,461.23,415.44,45.79,Returned,4,April,2025
O00500,C0147,P045,2025-12-31,15,0.1,7394.49,5567.85,1826.64,Delivered,12,December,2025
O00501,C0257,P029,2025-12-08,11,0.15,5859.55,4620.55,1239.0,Delivered,12,December,2025
O00502,C0058,P020,2025-02-12,13,0.15,2724.6,2106.0,618.6,Delivered,2,February,2025
O00503,C0015,P027,2025-07-30,7,0.1,2011.72,1400.21,611.51,Delivered,7,July,2025
O00504,C0162,P018,2025-07-19,13,0.05,791.14,675.09,116.05,Delivered,7,July,2025
O00505,C0163,P004,2025-10-25,2,0.05,440.93,325.12,115.81,Delivered,10,October,2025
O00506,C0281,P001,2025-12-12,6,0.15,1204.31,863.94,340.37,Delivered,12,December,2025
O00507,C0280,P050,2025-08-28,9,0.0,2589.21,1726.11,863.1,Delivered,8,August,2025
O00508,C0012,P001,2025-04-25,15,0.0,3542.1,2159.85,1382.25,Delivered,4,April,2025
O00509,C0274,P026,2025-01-26,4,0.15,995.66,901.68,93.98,Delivered,1,January,2025
O00510,C0271,P045,2025-10-26,9,0.1,4436.69,3340.71,1095.98,Delivered,10,October,2025
O00511,C0208,P020,2025-03-18,2,0.0,493.14,324.0,169.14,Delivered,3,March,2025
O00512,C0027,P023,2025-05-17,2,0.0,1021.42,629.28,392.14,Delivered,5,May,2025
O00513,C0072,P010,2025-01-20,9,0.2,1467.58,1329.03,138.55,Delivered,1,January,2025
O00514,C0060,P011,2025-07-30,12,0.2,3854.88,3264.36,590.52,Delivered,7,July,2025
O00515,C0145,P041,2025-08-28,7,0.15,3419.7,2540.93,878.77,Delivered,8,August,2025
O00516,C0093,P041,2025-02-08,7,0.1,3620.86,2540.93,1079.93,Delivered,2,February,2025
O00517,C0008,P005,2025-09-25,1,0.1,246.51,205.81,40.7,Returned,9,September,2025
O00518,C0079,P001,2025-07-26,13,0.25,2302.36,1871.87,430.49,Delivered,7,July,2025
O00519,C0027,P017,2025-09-24,11,0.25,915.34,903.43,11.91,Delivered,9,September,2025
O00520,C0174,P022,2025-06-03,6,0.0,1347.9,799.32,548.58,Delivered,6,June,2025
O00521,C0050,P034,2025-02-11,13,0.15,5696.16,5509.27,186.89,Delivered,2,February,2025
O00522,C0199,P045,2025-01-11,7,0.0,3834.18,2598.33,1235.85,Delivered,1,January,2025
O00523,C0181,P041,2025-10-21,11,0.0,6322.14,3992.89,2329.25,Delivered,10,October,2025
O00524,C0024,P029,2025-04-08,14,0.15,7457.61,5880.7,1576.91,Delivered,4,April,2025
O00525,C0046,P004,2025-10-02,6,0.1,1253.18,975.36,277.82,Delivered,10,October,2025
O00526,C0015,P005,2025-08-18,6,0.2,1314.72,1234.86,79.86,Delivered,8,August,2025
O00527,C0153,P011,2025-08-08,2,0.0,803.1,544.06,259.04,Delivered,8,August,2025
O00528,C0222,P021,2025-03-06,6,0.1,2930.85,2215.2,715.65,Delivered,3,March,2025
O00529,C0206,P035,2025-12-21,4,0.2,541.25,408.08,133.17,Delivered,12,December,2025
O00530,C0273,P012,2025-08-20,9,0.2,1104.98,815.4,289.58,Cancelled,8,August,2025
O00531,C0236,P026,2025-11-24,15,0.0,4392.6,3381.3,1011.3,Delivered,11,November,2025
O00532,C0228,P019,2025-02-21,12,0.05,8264.32,5348.76,2915.56,Delivered,2,February,2025
O00533,C0009,P045,2025-09-20,1,0.1,492.97,371.19,121.78,Delivered,9,September,2025
O00534,C0166,P007,2025-09-24,13,0.0,2415.92,1664.26,751.66,Cancelled,9,September,2025
O00535,C0214,P047,2025-12-25,8,0.25,2014.14,1978.4,35.74,Delivered,12,December,2025
O00536,C0117,P007,2025-11-13,5,0.2,743.36,640.1,103.26,Delivered,11,November,2025
O00537,C0072,P026,2025-11-20,1,0.0,292.84,225.42,67.42,Delivered,11,November,2025
O00538,C0064,P040,2025-06-03,4,0.0,434.68,337.6,97.08,Delivered,6,June,2025
O00539,C0205,P005,2025-12-24,1,0.0,273.9,205.81,68.09,Delivered,12,December,2025
O00540,C0209,P021,2025-05-20,6,0.2,2605.2,2215.2,390.0,Delivered,5,May,2025
O00541,C0072,P014,2025-02-20,2,0.0,613.36,502.7,110.66,Delivered,2,February,2025
O00542,C0277,P004,2025-04-27,15,0.1,3132.94,2438.4,694.54,Cancelled,4,April,2025
O00543,C0274,P023,2025-02-15,5,0.1,2298.19,1573.2,724.99,Delivered,2,February,2025
O00544,C0095,P042,2025-11-05,7,0.1,1103.19,774.83,328.36,Delivered,11,November,2025
O00545,C0166,P020,2025-03-29,2,0.0,493.14,324.0,169.14,Delivered,3,March,2025
O00546,C0032,P015,2025-07-27,6,0.0,483.6,282.18,201.42,Cancelled,7,July,2025
O00547,C0011,P050,2025-09-26,6,0.2,1380.91,1150.74,230.17,Delivered,9,September,2025
O00548,C0217,P045,2025-03-30,5,0.2,2190.96,1855.95,335.01,Delivered,3,March,2025
O00549,C0289,P029,2025-04-28,5,0.15,2663.43,2100.25,563.18,Delivered,4,April,2025
O00550,C0102,P008,2025-02-23,14,0.0,1332.38,1033.34,299.04,Delivered,2,February,2025
O00551,C0267,P041,2025-04-26,3,0.05,1638.01,1088.97,549.04,Delivered,4,April,2025
O00552,C0214,P048,2025-04-28,15,0.1,3016.84,2662.5,354.34,Delivered,4,April,2025
O00553,C0179,P019,2025-09-17,10,0.05,6886.93,4457.3,2429.63,Delivered,9,September,2025
O00554,C0088,P048,2025-03-16,15,0.2,2681.64,2662.5,19.14,Delivered,3,March,2025
O00555,C0041,P039,2025-11-01,10,0.1,4271.67,3827.8,443.87,Delivered,11,November,2025
O00556,C0076,P046,2025-01-07,11,0.0,4403.96,3384.81,1019.15,Delivered,1,January,2025
O00557,C0046,P028,2025-05-02,12,0.2,1946.4,2079.24,-132.84,Delivered,5,May,2025
O00558,C0160,P046,2025-01-11,2,0.25,600.54,615.42,-14.88,Delivered,1,January,2025
O00559,C0080,P027,2025-12-14,7,0.0,2235.24,1400.21,835.03,Delivered,12,December,2025
O00560,C0086,P004,2025-08-03,1,0.1,208.86,162.56,46.3,Delivered,8,August,2025
O00561,C0092,P015,2025-10-06,6,0.05,459.42,282.18,177.24,Delivered,10,October,2025
O00562,C0148,P035,2025-01-28,6,0.05,964.1,612.12,351.98,Delivered,1,January,2025
O00563,C0161,P037,2025-08-23,3,0.0,1416.06,1019.94,396.12,Delivered,8,August,2025
O00564,C0202,P001,2025-11-09,2,0.1,425.05,287.98,137.07,Delivered,11,November,2025
O00565,C0242,P003,2025-01-26,12,0.25,1294.2,1253.88,40.32,Delivered,1,January,2025
O00566,C0002,P047,2025-02-23,2,0.1,604.24,494.6,109.64,Cancelled,2,February,2025
O00567,C0225,P024,2025-01-29,14,0.0,6047.86,4873.4,1174.46,Delivered,1,January,2025
O00568,C0289,P027,2025-12-19,13,0.1,3736.04,2600.39,1135.65,Delivered,12,December,2025
O00569,C0233,P040,2025-06-13,9,0.05,929.13,759.6,169.53,Delivered,6,June,2025
O00570,C0077,P036,2025-09-27,11,0.2,574.82,585.86,-11.04,Cancelled,9,September,2025
O00571,C0116,P034,2025-11-30,5,0.1,2319.7,2118.95,200.75,Delivered,11,November,2025
O00572,C0154,P029,2025-02-04,7,0.0,4386.83,2940.35,1446.48,Delivered,2,February,2025
O00573,C0103,P024,2025-10-13,12,0.0,5183.88,4177.2,1006.68,Delivered,10,October,2025
O00574,C0194,P024,2025-12-14,5,0.15,1835.96,1740.5,95.46,Delivered,12,December,2025
O00575,C0166,P042,2025-09-30,7,0.05,1164.48,774.83,389.65,Delivered,9,September,2025
O00576,C0090,P004,2025-07-27,13,0.15,2564.37,2113.28,451.09,Delivered,7,July,2025
O00577,C0174,P003,2025-08-26,4,0.0,575.2,417.96,157.24,Delivered,8,August,2025
O00578,C0122,P034,2025-04-03,8,0.05,3917.72,3390.32,527.4,Delivered,4,April,2025
O00579,C0143,P049,2025-06-22,13,0.1,7889.54,5171.53,2718.01,Delivered,6,June,2025
O00580,C0106,P023,2025-03-20,11,0.2,4494.25,3461.04,1033.21,Delivered,3,March,2025
O00581,C0123,P023,2025-04-20,14,0.2,5719.95,4404.96,1314.99,Delivered,4,April,2025
O00582,C0009,P045,2025-08-05,10,0.0,5477.4,3711.9,1765.5,Delivered,8,August,2025
O00583,C0262,P005,2025-12-24,13,0.05,3382.66,2675.53,707.13,Delivered,12,December,2025
O00584,C0073,P031,2025-04-16,11,0.0,8022.52,4786.54,3235.98,Delivered,4,April,2025
O00585,C0223,P041,2025-02-16,10,0.1,5172.66,3629.9,1542.76,Delivered,2,February,2025
O00586,C0041,P006,2025-06-30,7,0.1,2424.37,1685.11,739.26,Delivered,6,June,2025
O00587,C0204,P037,2025-03-05,10,0.2,3776.16,3399.8,376.36,Delivered,3,March,2025
O00588,C0264,P010,2025-09-03,15,0.2,2445.96,2215.05,230.91,Returned,9,September,2025
O00589,C0178,P040,2025-09-01,5,0.05,516.18,422.0,94.18,Delivered,9,September,2025
O00590,C0084,P007,2025-11-16,11,0.1,1839.82,1408.22,431.6,Delivered,11,November,2025
O00591,C0111,P039,2025-03-28,6,0.2,2278.22,2296.68,-18.46,Delivered,3,March,2025
O00592,C0251,P038,2025-08-05,5,0.15,1862.69,1345.75,516.94,Delivered,8,August,2025
O00593,C0007,P021,2025-01-07,7,0.0,3799.25,2584.4,1214.85,Delivered,1,January,2025
O00594,C0084,P020,2025-10-05,12,0.05,2810.9,1944.0,866.9,Delivered,10,October,2025
O00595,C0208,P003,2025-12-03,2,0.1,258.84,208.98,49.86,Cancelled,12,December,2025
O00596,C0022,P022,2025-07-29,5,0.0,1123.25,666.1,457.15,Delivered,7,July,2025
O00597,C0003,P047,2025-06-18,15,0.0,5035.35,3709.5,1325.85,Cancelled,6,June,2025
O00598,C0127,P004,2025-11-26,10,0.0,2320.7,1625.6,695.1,Delivered,11,November,2025
O00599,C0297,P028,2025-05-18,15,0.1,2737.12,2599.05,138.07,Delivered,5,May,2025
O00600,C0188,P012,2025-11-02,3,0.05,437.39,271.8,165.59,Delivered,11,November,2025
O00601,C0014,P038,2025-08-18,9,0.0,3944.52,2422.35,1522.17,Delivered,8,August,2025
O00602,C0012,P036,2025-11-04,13,0.0,849.16,692.38,156.78,Delivered,11,November,2025
O00603,C0087,P047,2025-06-10,6,0.15,1712.02,1483.8,228.22,Delivered,6,June,2025
O00604,C0012,P041,2025-01-01,13,0.2,5977.3,4718.87,1258.43,Delivered,1,January,2025
O00605,C0025,P005,2025-08-24,10,0.1,2465.1,2058.1,407.0,Returned,8,August,2025
O00606,C0243,P013,2025-07-07,3,0.1,944.6,688.44,256.16,Delivered,7,July,2025
O00607,C0122,P023,2025-01-04,7,0.25,2681.23,2202.48,478.75,Delivered,1,January,2025
O00608,C0147,P050,2025-05-12,4,0.0,1150.76,767.16,383.6,Delivered,5,May,2025
O00609,C0055,P030,2025-08-06,14,0.0,8506.96,5292.14,3214.82,Delivered,8,August,2025
O00610,C0238,P037,2025-09-17,3,0.05,1345.26,1019.94,325.32,Delivered,9,September,2025
O00611,C0173,P025,2025-01-01,8,0.0,2975.2,2225.2,750.0,Delivered,1,January,2025
O00612,C0221,P048,2025-03-12,13,0.05,2759.85,2307.5,452.35,Delivered,3,March,2025
O00613,C0119,P027,2025-06-27,4,0.2,1021.82,800.12,221.7,Delivered,6,June,2025
O00614,C0183,P014,2025-07-08,11,0.1,3036.13,2764.85,271.28,Delivered,7,July,2025
O00615,C0288,P048,2025-10-18,1,0.1,201.12,177.5,23.62,Delivered,10,October,2025
O00616,C0300,P047,2025-01-08,6,0.2,1611.31,1483.8,127.51,Delivered,1,January,2025
O00617,C0082,P036,2025-09-10,10,0.0,653.2,532.6,120.6,Delivered,9,September,2025
O00618,C0211,P039,2025-10-19,11,0.0,5220.93,4210.58,1010.35,Delivered,10,October,2025
O00619,C0150,P016,2025-09-01,11,0.1,2539.94,1848.66,691.28,Delivered,9,September,2025
O00620,C0037,P022,2025-05-03,1,0.1,202.18,133.22,68.96,Delivered,5,May,2025
O00621,C0059,P021,2025-10-26,5,0.0,2713.75,1846.0,867.75,Delivered,10,October,2025
O00622,C0131,P021,2025-10-10,7,0.1,3419.32,2584.4,834.92,Delivered,10,October,2025
O00623,C0202,P008,2025-02-01,15,0.1,1284.8,1107.15,177.65,Delivered,2,February,2025
O00624,C0243,P049,2025-11-30,6,0.15,3439.03,2386.86,1052.17,Delivered,11,November,2025
O00625,C0035,P016,2025-05-26,14,0.1,3232.66,2352.84,879.82,Returned,5,May,2025
O00626,C0093,P031,2025-06-05,2,0.05,1385.71,870.28,515.43,Delivered,6,June,2025
O00627,C0207,P042,2025-01-16,11,0.0,1926.21,1217.59,708.62,Delivered,1,January,2025
O00628,C0213,P010,2025-12-21,4,0.1,733.79,590.68,143.11,Delivered,12,December,2025
O00629,C0159,P032,2025-02-16,11,0.0,1160.28,856.13,304.15,Delivered,2,February,2025
O00630,C0024,P034,2025-09-08,15,0.2,6185.88,6356.85,-170.97,Delivered,9,September,2025
O00631,C0293,P009,2025-07-06,2,0.1,865.35,569.02,296.33,Delivered,7,July,2025
O00632,C0004,P017,2025-01-31,11,0.05,1159.43,903.43,256.0,Delivered,1,January,2025
O00633,C0220,P011,2025-09-17,1,0.15,341.32,272.03,69.29,Cancelled,9,September,2025
O00634,C0020,P032,2025-01-17,15,0.1,1423.98,1167.45,256.53,Delivered,1,January,2025
O00635,C0152,P010,2025-02-08,3,0.05,580.92,443.01,137.91,Delivered,2,February,2025
O00636,C0050,P022,2025-10-31,3,0.15,572.86,399.66,173.2,Delivered,10,October,2025
O00637,C0177,P017,2025-02-08,15,0.2,1331.4,1231.95,99.45,Delivered,2,February,2025
O00638,C0096,P004,2025-05-12,12,0.15,2367.11,1950.72,416.39,Delivered,5,May,2025
O00639,C0105,P048,2025-01-30,7,0.0,1564.29,1242.5,321.79,Cancelled,1,January,2025
O00640,C0250,P047,2025-06-07,1,0.1,302.12,247.3,54.82,Delivered,6,June,2025
O00641,C0117,P025,2025-10-05,9,0.15,2845.04,2503.35,341.69,Delivered,10,October,2025
O00642,C0228,P021,2025-07-22,11,0.0,5970.25,4061.2,1909.05,Delivered,7,July,2025
O00643,C0066,P037,2025-03-07,6,0.0,2832.12,2039.88,792.24,Cancelled,3,March,2025
O00644,C0262,P038,2025-04-18,4,0.2,1402.5,1076.6,325.9,Delivered,4,April,2025
O00645,C0295,P049,2025-09-25,3,0.0,2022.96,1193.43,829.53,Delivered,9,September,2025
O00646,C0243,P001,2025-08-10,15,0.15,3010.78,2159.85,850.93,Delivered,8,August,2025
O00647,C0186,P025,2025-10-19,3,0.1,1004.13,834.45,169.68,Delivered,10,October,2025
O00648,C0246,P036,2025-01-18,2,0.1,117.58,106.52,11.06,Delivered,1,January,2025
O00649,C0125,P017,2025-03-31,2,0.0,221.9,164.26,57.64,Delivered,3,March,2025
O00650,C0268,P041,2025-06-30,14,0.15,6839.41,5081.86,1757.55,Delivered,6,June,2025
O00651,C0131,P024,2025-09-12,12,0.05,4924.69,4177.2,747.49,Delivered,9,September,2025
O00652,C0237,P002,2025-09-10,13,0.1,5821.8,4576.39,1245.41,Delivered,9,September,2025
O00653,C0018,P040,2025-09-14,10,0.15,923.7,844.0,79.7,Delivered,9,September,2025
O00654,C0040,P015,2025-12-12,5,0.15,342.55,235.15,107.4,Delivered,12,December,2025
O00655,C0021,P032,2025-03-28,9,0.25,711.99,700.47,11.52,Delivered,3,March,2025
O00656,C0225,P039,2025-03-31,2,0.1,854.33,765.56,88.77,Delivered,3,March,2025
O00657,C0282,P006,2025-08-25,2,0.05,731.16,481.46,249.7,Delivered,8,August,2025
O00658,C0008,P001,2025-03-11,12,0.25,2125.26,1727.88,397.38,Delivered,3,March,2025
O00659,C0100,P047,2025-02-13,6,0.1,1812.73,1483.8,328.93,Delivered,2,February,2025
O00660,C0240,P023,2025-07-19,13,0.05,6307.27,4090.32,2216.95,Delivered,7,July,2025
O00661,C0087,P039,2025-06-01,15,0.0,7119.45,5741.7,1377.75,Delivered,6,June,2025
O00662,C0298,P017,2025-03-27,10,0.15,943.08,821.3,121.78,Delivered,3,March,2025
O00663,C0014,P034,2025-01-19,2,0.05,979.43,847.58,131.85,Delivered,1,January,2025
O00664,C0002,P041,2025-04-11,12,0.15,5862.35,4355.88,1506.47,Delivered,4,April,2025
O00665,C0293,P029,2025-04-05,4,0.1,2256.08,1680.2,575.88,Delivered,4,April,2025
O00666,C0041,P009,2025-09-11,6,0.0,2884.5,1707.06,1177.44,Delivered,9,September,2025
O00667,C0111,P013,2025-12-23,5,0.1,1574.32,1147.4,426.92,Delivered,12,December,2025
O00668,C0014,P006,2025-01-30,1,0.0,384.82,240.73,144.09,Delivered,1,January,2025
O00669,C0231,P006,2025-09-06,15,0.1,5195.07,3610.95,1584.12,Delivered,9,September,2025
O00670,C0084,P020,2025-02-02,6,0.1,1331.48,972.0,359.48,Delivered,2,February,2025
O00671,C0130,P003,2025-08-17,1,0.1,129.42,104.49,24.93,Delivered,8,August,2025
O00672,C0231,P017,2025-01-12,3,0.15,282.92,246.39,36.53,Delivered,1,January,2025
O00673,C0145,P049,2025-04-28,10,0.15,5731.72,3978.1,1753.62,Delivered,4,April,2025
O00674,C0028,P012,2025-12-16,5,0.15,652.25,453.0,199.25,Delivered,12,December,2025
O00675,C0066,P048,2025-06-04,14,0.0,3128.58,2485.0,643.58,Delivered,6,June,2025
O00676,C0163,P047,2025-09-03,10,0.0,3356.9,2473.0,883.9,Delivered,9,September,2025
O00677,C0229,P045,2025-11-28,13,0.1,6408.56,4825.47,1583.09,Delivered,11,November,2025
O00678,C0261,P001,2025-09-04,5,0.2,944.56,719.95,224.61,Delivered,9,September,2025
O00679,C0164,P017,2025-01-29,13,0.15,1226.0,1067.69,158.31,Delivered,1,January,2025
O00680,C0287,P003,2025-06-10,10,0.15,1222.3,1044.9,177.4,Delivered,6,June,2025
O00681,C0010,P026,2025-08-23,6,0.05,1669.19,1352.52,316.67,Delivered,8,August,2025
O00682,C0195,P015,2025-07-09,15,0.1,1088.1,705.45,382.65,Delivered,7,July,2025
O00683,C0118,P036,2025-04-27,12,0.1,705.46,639.12,66.34,Cancelled,4,April,2025
O00684,C0270,P032,2025-09-28,10,0.0,1054.8,778.3,276.5,Delivered,9,September,2025
O00685,C0080,P032,2025-09-15,8,0.0,843.84,622.64,221.2,Delivered,9,September,2025
O00686,C0093,P004,2025-06-29,5,0.2,928.28,812.8,115.48,Delivered,6,June,2025
O00687,C0266,P018,2025-06-21,14,0.0,896.84,727.02,169.82,Delivered,6,June,2025
O00688,C0257,P049,2025-10-01,15,0.0,10114.8,5967.15,4147.65,Delivered,10,October,2025
O00689,C0133,P019,2025-09-16,11,0.0,7974.34,4903.03,3071.31,Delivered,9,September,2025
O00690,C0276,P043,2025-05-15,1,0.2,116.08,94.55,21.53,Delivered,5,May,2025
O00691,C0264,P035,2025-06-20,5,0.1,761.13,510.1,251.03,Delivered,6,June,2025
O00692,C0171,P040,2025-07-29,3,0.15,277.11,253.2,23.91,Delivered,7,July,2025
O00693,C0001,P014,2025-08-24,4,0.2,981.38,1005.4,-24.02,Returned,8,August,2025
O00694,C0064,P033,2025-07-05,15,0.05,7856.6,5034.3,2822.3,Delivered,7,July,2025
O00695,C0284,P014,2025-12-30,15,0.1,4140.18,3770.25,369.93,Cancelled,12,December,2025
O00696,C0121,P034,2025-04-05,13,0.0,6701.37,5509.27,1192.1,Cancelled,4,April,2025
O00697,C0107,P004,2025-01-11,8,0.0,1856.56,1300.48,556.08,Delivered,1,January,2025
O00698,C0175,P024,2025-03-09,7,0.15,2570.34,2436.7,133.64,Delivered,3,March,2025
O00699,C0204,P029,2025-07-29,11,0.15,5859.55,4620.55,1239.0,Delivered,7,July,2025
O00700,C0165,P019,2025-07-15,5,0.05,3443.46,2228.65,1214.81,Delivered,7,July,2025
O00701,C0120,P006,2025-04-08,2,0.05,731.16,481.46,249.7,Delivered,4,April,2025
O00702,C0044,P033,2025-04-03,6,0.1,2977.24,2013.72,963.52,Delivered,4,April,2025
O00703,C0156,P049,2025-01-22,11,0.0,7417.52,4375.91,3041.61,Delivered,1,January,2025
O00704,C0207,P040,2025-06-21,6,0.0,652.02,506.4,145.62,Delivered,6,June,2025
O00705,C0108,P019,2025-05-14,10,0.0,7249.4,4457.3,2792.1,Delivered,5,May,2025
O00706,C0251,P001,2025-01-25,10,0.05,2243.33,1439.9,803.43,Delivered,1,January,2025
O00707,C0130,P005,2025-07-04,14,0.15,3259.41,2881.34,378.07,Delivered,7,July,2025
O00708,C0293,P027,2025-03-26,11,0.05,3336.89,2200.33,1136.56,Delivered,3,March,2025
O00709,C0020,P016,2025-02-24,6,0.0,1539.36,1008.36,531.0,Delivered,2,February,2025
O00710,C0282,P006,2025-09-08,14,0.1,4848.73,3370.22,1478.51,Delivered,9,September,2025
O00711,C0285,P040,2025-05-24,9,0.2,782.42,759.6,22.82,Delivered,5,May,2025
O00712,C0001,P013,2025-12-17,11,0.0,3848.35,2524.28,1324.07,Delivered,12,December,2025
O00713,C0119,P048,2025-06-16,8,0.0,1787.76,1420.0,367.76,Delivered,6,June,2025
O00714,C0035,P035,2025-08-12,8,0.05,1285.46,816.16,469.3,Delivered,8,August,2025
O00715,C0198,P019,2025-08-08,1,0.15,616.2,445.73,170.47,Delivered,8,August,2025
O00716,C0245,P012,2025-06-28,5,0.1,690.62,453.0,237.62,Delivered,6,June,2025
O00717,C0059,P016,2025-04-29,7,0.15,1526.53,1176.42,350.11,Delivered,4,April,2025
O00718,C0161,P043,2025-09-22,6,0.25,652.95,567.3,85.65,Delivered,9,September,2025
O00719,C0179,P010,2025-05-30,5,0.15,866.28,738.35,127.93,Delivered,5,May,2025
O00720,C0206,P025,2025-08-03,8,0.1,2677.68,2225.2,452.48,Delivered,8,August,2025
O00721,C0012,P020,2025-07-16,3,0.1,665.74,486.0,179.74,Delivered,7,July,2025
O00722,C0276,P031,2025-02-11,6,0.0,4375.92,2610.84,1765.08,Delivered,2,February,2025
O00723,C0181,P004,2025-02-22,15,0.25,2610.79,2438.4,172.39,Delivered,2,February,2025
O00724,C0242,P044,2025-11-26,5,0.05,705.42,474.05,231.37,Returned,11,November,2025
O00725,C0216,P023,2025-09-08,8,0.0,4085.68,2517.12,1568.56,Delivered,9,September,2025
O00726,C0251,P002,2025-10-22,4,0.15,1691.81,1408.12,283.69,Delivered,10,October,2025
O00727,C0299,P022,2025-09-28,8,0.05,1707.34,1065.76,641.58,Delivered,9,September,2025
O00728,C0126,P037,2025-05-03,10,0.1,4248.18,3399.8,848.38,Delivered,5,May,2025
O00729,C0217,P008,2025-12-05,14,0.1,1199.14,1033.34,165.8,Delivered,12,December,2025
O00730,C0285,P007,2025-09-23,15,0.1,2508.84,1920.3,588.54,Delivered,9,September,2025
O00731,C0185,P014,2025-12-14,2,0.15,521.36,502.7,18.66,Delivered,12,December,2025
O00732,C0039,P003,2025-01-29,9,0.05,1229.49,940.41,289.08,Delivered,1,January,2025
O00733,C0223,P050,2025-02-04,13,0.1,3365.97,2493.27,872.7,Delivered,2,February,2025
O00734,C0184,P016,2025-01-06,9,0.1,2078.14,1512.54,565.6,Delivered,1,January,2025
O00735,C0178,P019,2025-04-21,15,0.15,9242.98,6685.95,2557.03,Delivered,4,April,2025
O00736,C0294,P018,2025-10-21,14,0.15,762.31,727.02,35.29,Delivered,10,October,2025
O00737,C0151,P016,2025-03-18,10,0.05,2437.32,1680.6,756.72,Delivered,3,March,2025
O00738,C0126,P008,2025-12-15,10,0.1,856.53,738.1,118.43,Returned,12,December,2025
O00739,C0234,P033,2025-05-27,13,0.0,7167.42,4363.06,2804.36,Delivered,5,May,2025
O00740,C0008,P049,2025-03-08,6,0.2,3236.74,2386.86,849.88,Delivered,3,March,2025
O00741,C0129,P012,2025-01-08,4,0.05,583.19,362.4,220.79,Delivered,1,January,2025
O00742,C0264,P011,2025-05-02,4,0.15,1365.27,1088.12,277.15,Delivered,5,May,2025
O00743,C0157,P005,2025-12-06,13,0.0,3560.7,2675.53,885.17,Delivered,12,December,2025
O00744,C0005,P027,2025-06-24,6,0.0,1915.92,1200.18,715.74,Cancelled,6,June,2025
O00745,C0086,P012,2025-06-28,5,0.1,690.62,453.0,237.62,Delivered,6,June,2025
O00746,C0175,P017,2025-03-26,6,0.2,532.56,492.78,39.78,Delivered,3,March,2025
O00747,C0290,P006,2025-02-14,7,0.1,2424.37,1685.11,739.26,Delivered,2,February,2025
O00748,C0193,P033,2025-05-16,7,0.2,3087.5,2349.34,738.16,Delivered,5,May,2025
O00749,C0119,P005,2025-12-09,9,0.1,2218.59,1852.29,366.3,Delivered,12,December,2025
O00750,C0218,P028,2025-01-16,8,0.1,1459.8,1386.16,73.64,Delivered,1,January,2025
O00751,C0114,P014,2025-11-29,13,0.0,3986.84,3267.55,719.29,Cancelled,11,November,2025
O00752,C0145,P005,2025-07-14,6,0.15,1396.89,1234.86,162.03,Delivered,7,July,2025
O00753,C0026,P033,2025-01-09,12,0.0,6616.08,4027.44,2588.64,Delivered,1,January,2025
O00754,C0136,P050,2025-11-12,6,0.2,1380.91,1150.74,230.17,Delivered,11,November,2025
O00755,C0232,P048,2025-11-30,15,0.2,2681.64,2662.5,19.14,Delivered,11,November,2025
O00756,C0076,P041,2025-11-29,14,0.2,6437.09,5081.86,1355.23,Cancelled,11,November,2025
O00757,C0289,P019,2025-11-23,5,0.1,3262.23,2228.65,1033.58,Delivered,11,November,2025
O00758,C0001,P022,2025-01-15,1,0.15,190.95,133.22,57.73,Delivered,1,January,2025
O00759,C0147,P005,2025-11-23,9,0.15,2095.34,1852.29,243.05,Delivered,11,November,2025
O00760,C0287,P002,2025-04-12,9,0.0,4478.31,3168.27,1310.04,Delivered,4,April,2025
O00761,C0142,P030,2025-08-14,9,0.1,4921.88,3402.09,1519.79,Delivered,8,August,2025
O00762,C0053,P047,2025-10-05,15,0.0,5035.35,3709.5,1325.85,Delivered,10,October,2025
O00763,C0069,P039,2025-04-23,11,0.1,4698.84,4210.58,488.26,Delivered,4,April,2025
O00764,C0090,P004,2025-01-01,8,0.0,1856.56,1300.48,556.08,Delivered,1,January,2025
O00765,C0220,P033,2025-09-23,13,0.0,7167.42,4363.06,2804.36,Delivered,9,September,2025
O00766,C0192,P013,2025-07-27,10,0.05,3323.58,2294.8,1028.78,Cancelled,7,July,2025
O00767,C0063,P020,2025-04-20,13,0.1,2884.87,2106.0,778.87,Delivered,4,April,2025
O00768,C0073,P007,2025-07-19,3,0.1,501.77,384.06,117.71,Delivered,7,July,2025
O00769,C0161,P015,2025-11-02,1,0.0,80.6,47.03,33.57,Delivered,11,November,2025
O00770,C0169,P023,2025-01-12,11,0.1,5056.03,3461.04,1594.99,Delivered,1,January,2025
O00771,C0089,P014,2025-12-11,12,0.0,3680.16,3016.2,663.96,Delivered,12,December,2025
O00772,C0176,P023,2025-07-07,12,0.1,5515.67,3775.68,1739.99,Delivered,7,July,2025
O00773,C0269,P019,2025-06-03,8,0.1,5219.57,3565.84,1653.73,Delivered,6,June,2025
O00774,C0073,P029,2025-11-30,7,0.1,3948.15,2940.35,1007.8,Delivered,11,November,2025
O00775,C0245,P020,2025-10-06,13,0.15,2724.6,2106.0,618.6,Delivered,10,October,2025
O00776,C0077,P029,2025-06-20,5,0.05,2976.78,2100.25,876.53,Delivered,6,June,2025
O00777,C0159,P024,2025-05-14,10,0.15,3671.91,3481.0,190.91,Delivered,5,May,2025
O00778,C0098,P018,2025-01-25,7,0.1,403.58,363.51,40.07,Delivered,1,January,2025
O00779,C0102,P010,2025-01-18,10,0.1,1834.47,1476.7,357.77,Delivered,1,January,2025
O00780,C0132,P041,2025-07-09,4,0.1,2069.06,1451.96,617.1,Delivered,7,July,2025
O00781,C0102,P008,2025-05-21,9,0.0,856.53,664.29,192.24,Delivered,5,May,2025
O00782,C0019,P026,2025-02-12,11,0.15,2738.05,2479.62,258.43,Delivered,2,February,2025
O00783,C0082,P029,2025-11-30,10,0.1,5640.21,4200.5,1439.71,Returned,11,November,2025
O00784,C0279,P010,2025-10-11,14,0.05,2710.94,2067.38,643.56,Delivered,10,October,2025
O00785,C0129,P017,2025-05-26,2,0.0,221.9,164.26,57.64,Delivered,5,May,2025
O00786,C0089,P002,2025-11-11,9,0.0,4478.31,3168.27,1310.04,Delivered,11,November,2025
O00787,C0213,P006,2025-11-15,9,0.2,2770.7,2166.57,604.13,Delivered,11,November,2025
O00788,C0143,P005,2025-04-02,5,0.15,1164.08,1029.05,135.03,Delivered,4,April,2025
O00789,C0065,P028,2025-06-28,11,0.0,2230.25,1905.97,324.28,Delivered,6,June,2025
O00790,C0076,P041,2025-02-25,1,0.05,546.0,362.99,183.01,Delivered,2,February,2025
O00791,C0199,P005,2025-06-04,7,0.1,1725.57,1440.67,284.9,Delivered,6,June,2025
O00792,C0143,P018,2025-06-09,10,0.15,544.51,519.3,25.21,Delivered,6,June,2025
O00793,C0093,P026,2025-04-21,10,0.0,2928.4,2254.2,674.2,Delivered,4,April,2025
O00794,C0224,P020,2025-05-17,4,0.0,986.28,648.0,338.28,Cancelled,5,May,2025
O00795,C0291,P041,2025-08-20,9,0.2,4138.13,3266.91,871.22,Delivered,8,August,2025
O00796,C0102,P049,2025-08-08,6,0.0,4045.92,2386.86,1659.06,Delivered,8,August,2025
O00797,C0267,P027,2025-03-09,13,0.0,4151.16,2600.39,1550.77,Delivered,3,March,2025
O00798,C0110,P049,2025-10-29,3,0.25,1517.22,1193.43,323.79,Delivered,10,October,2025
O00799,C0265,P012,2025-09-06,6,0.1,828.74,543.6,285.14,Delivered,9,September,2025
O00800,C0003,P007,2025-11-19,13,0.05,2295.12,1664.26,630.86,Delivered,11,November,2025
O00801,C0085,P003,2025-01-06,10,0.0,1438.0,1044.9,393.1,Delivered,1,January,2025
O00802,C0282,P010,2025-10-07,6,0.0,1222.98,886.02,336.96,Delivered,10,October,2025
O00803,C0117,P034,2025-04-04,5,0.0,2577.45,2118.95,458.5,Delivered,4,April,2025
O00804,C0221,P025,2025-09-26,2,0.2,595.04,556.3,38.74,Delivered,9,September,2025
O00805,C0154,P035,2025-07-16,10,0.1,1522.26,1020.2,502.06,Delivered,7,July,2025
O00806,C0153,P016,2025-01-25,10,0.15,2180.76,1680.6,500.16,Cancelled,1,January,2025
O00807,C0012,P002,2025-05-28,2,0.2,796.14,704.06,92.08,Delivered,5,May,2025
O00808,C0133,P024,2025-04-28,7,0.1,2721.54,2436.7,284.84,Delivered,4,April,2025
O00809,C0293,P010,2025-12-04,2,0.0,407.66,295.34,112.32,Delivered,12,December,2025
O00810,C0300,P038,2025-12-04,12,0.1,4733.42,3229.8,1503.62,Delivered,12,December,2025
O00811,C0228,P022,2025-03-07,6,0.2,1078.32,799.32,279.0,Delivered,3,March,2025
O00812,C0271,P026,2025-10-28,5,0.15,1244.57,1127.1,117.47,Delivered,10,October,2025
O00813,C0043,P043,2025-06-24,4,0.0,580.4,378.2,202.2,Returned,6,June,2025
O00814,C0021,P039,2025-11-15,7,0.15,2824.05,2679.46,144.59,Cancelled,11,November,2025
O00815,C0107,P027,2025-03-17,8,0.1,2299.1,1600.24,698.86,Delivered,3,March,2025
O00816,C0117,P029,2025-04-24,4,0.2,2005.41,1680.2,325.21,Cancelled,4,April,2025
O00817,C0124,P047,2025-04-21,1,0.0,335.69,247.3,88.39,Delivered,4,April,2025
O00818,C0281,P038,2025-09-06,1,0.1,394.45,269.15,125.3,Delivered,9,September,2025
O00819,C0292,P020,2025-07-22,1,0.2,197.26,162.0,35.26,Cancelled,7,July,2025
O00820,C0203,P027,2025-05-27,11,0.1,3161.27,2200.33,960.94,Delivered,5,May,2025
O00821,C0051,P041,2025-02-04,1,0.1,517.27,362.99,154.28,Returned,2,February,2025
O00822,C0271,P020,2025-11-05,5,0.0,1232.85,810.0,422.85,Delivered,11,November,2025
O00823,C0277,P044,2025-01-26,4,0.05,564.34,379.24,185.1,Delivered,1,January,2025
O00824,C0141,P019,2025-08-26,13,0.05,8953.01,5794.49,3158.52,Delivered,8,August,2025
O00825,C0275,P020,2025-01-14,14,0.2,2761.58,2268.0,493.58,Cancelled,1,January,2025
O00826,C0290,P035,2025-02-14,9,0.05,1446.15,918.18,527.97,Delivered,2,February,2025
O00827,C0052,P047,2025-08-04,15,0.1,4531.82,3709.5,822.32,Delivered,8,August,2025
O00828,C0027,P002,2025-08-21,3,0.15,1268.85,1056.09,212.76,Delivered,8,August,2025
O00829,C0157,P030,2025-07-12,14,0.0,8506.96,5292.14,3214.82,Delivered,7,July,2025
O00830,C0239,P034,2025-02-20,7,0.1,3247.59,2966.53,281.06,Delivered,2,February,2025
O00831,C0156,P022,2025-08-02,11,0.15,2100.48,1465.42,635.06,Delivered,8,August,2025
O00832,C0291,P003,2025-05-31,8,0.2,920.32,835.92,84.4,Delivered,5,May,2025
O00833,C0136,P006,2025-10-02,6,0.1,2078.03,1444.38,633.65,Delivered,10,October,2025
O00834,C0144,P015,2025-12-04,12,0.15,822.12,564.36,257.76,Delivered,12,December,2025
O00835,C0106,P027,2025-03-17,13,0.0,4151.16,2600.39,1550.77,Delivered,3,March,2025
O00836,C0158,P010,2025-08-08,10,0.2,1630.64,1476.7,153.94,Delivered,8,August,2025
O00837,C0146,P009,2025-12-14,13,0.0,6249.75,3698.63,2551.12,Delivered,12,December,2025
O00838,C0002,P033,2025-07-06,1,0.15,468.64,335.62,133.02,Returned,7,July,2025
O00839,C0077,P032,2025-10-16,8,0.05,801.65,622.64,179.01,Delivered,10,October,2025
O00840,C0132,P048,2025-01-28,15,0.2,2681.64,2662.5,19.14,Delivered,1,January,2025
O00841,C0090,P006,2025-06-29,10,0.15,3270.97,2407.3,863.67,Delivered,6,June,2025
O00842,C0263,P041,2025-09-10,3,0.15,1465.59,1088.97,376.62,Delivered,9,September,2025
O00843,C0108,P036,2025-05-06,8,0.0,522.56,426.08,96.48,Delivered,5,May,2025
O00844,C0074,P002,2025-06-26,12,0.1,5373.97,4224.36,1149.61,Delivered,6,June,2025
O00845,C0039,P029,2025-02-06,4,0.1,2256.08,1680.2,575.88,Delivered,2,February,2025
O00846,C0159,P004,2025-04-09,8,0.15,1578.08,1300.48,277.6,Delivered,4,April,2025
O00847,C0071,P001,2025-04-08,11,0.0,2597.54,1583.89,1013.65,Delivered,4,April,2025
O00848,C0241,P019,2025-05-07,1,0.25,543.71,445.73,97.98,Delivered,5,May,2025
O00849,C0298,P026,2025-06-17,3,0.2,702.82,676.26,26.56,Delivered,6,June,2025
O00850,C0036,P025,2025-03-21,6,0.05,2119.83,1668.9,450.93,Delivered,3,March,2025
O00851,C0084,P010,2025-10-21,15,0.15,2598.83,2215.05,383.78,Delivered,10,October,2025
O00852,C0263,P015,2025-11-29,15,0.1,1088.1,705.45,382.65,Cancelled,11,November,2025
O00853,C0172,P022,2025-05-06,9,0.1,1819.67,1198.98,620.69,Delivered,5,May,2025
O00854,C0173,P048,2025-12-09,2,0.05,424.59,355.0,69.59,Delivered,12,December,2025
O00855,C0047,P021,2025-11-06,11,0.1,5373.22,4061.2,1312.02,Delivered,11,November,2025
O00856,C0141,P022,2025-05-30,1,0.15,190.95,133.22,57.73,Cancelled,5,May,2025
O00857,C0118,P036,2025-01-16,15,0.1,881.82,798.9,82.92,Delivered,1,January,2025
O00858,C0277,P034,2025-01-28,10,0.1,4639.41,4237.9,401.51,Delivered,1,January,2025
O00859,C0214,P030,2025-06-22,3,0.15,1549.48,1134.03,415.45,Delivered,6,June,2025
O00860,C0220,P025,2025-02-15,4,0.15,1264.46,1112.6,151.86,Returned,2,February,2025
O00861,C0026,P045,2025-11-24,11,0.0,6025.14,4083.09,1942.05,Delivered,11,November,2025
O00862,C0009,P028,2025-08-24,5,0.2,811.0,866.35,-55.35,Delivered,8,August,2025
O00863,C0271,P001,2025-08-02,3,0.1,637.58,431.97,205.61,Delivered,8,August,2025
O00864,C0010,P049,2025-03-26,13,0.05,8327.85,5171.53,3156.32,Delivered,3,March,2025
O00865,C0121,P045,2025-10-09,10,0.0,5477.4,3711.9,1765.5,Delivered,10,October,2025
O00866,C0125,P004,2025-08-20,11,0.1,2297.49,1788.16,509.33,Delivered,8,August,2025
O00867,C0170,P007,2025-03-26,2,0.2,297.34,256.04,41.3,Delivered,3,March,2025
O00868,C0072,P049,2025-03-06,2,0.05,1281.21,795.62,485.59,Delivered,3,March,2025
O00869,C0152,P009,2025-05-14,7,0.15,2860.46,1991.57,868.89,Delivered,5,May,2025
O00870,C0208,P036,2025-05-31,9,0.0,587.88,479.34,108.54,Delivered,5,May,2025
O00871,C0049,P019,2025-04-25,10,0.1,6524.46,4457.3,2067.16,Delivered,4,April,2025
O00872,C0154,P001,2025-03-05,2,0.25,354.21,287.98,66.23,Delivered,3,March,2025
O00873,C0293,P010,2025-12-09,7,0.15,1212.79,1033.69,179.1,Delivered,12,December,2025
O00874,C0068,P036,2025-12-29,7,0.0,457.24,372.82,84.42,Delivered,12,December,2025
O00875,C0050,P009,2025-12-18,11,0.1,4759.42,3129.61,1629.81,Delivered,12,December,2025
O00876,C0152,P045,2025-06-07,7,0.0,3834.18,2598.33,1235.85,Delivered,6,June,2025
O00877,C0019,P046,2025-03-18,3,0.1,1080.97,923.13,157.84,Delivered,3,March,2025
O00878,C0100,P042,2025-05-26,12,0.15,1786.12,1328.28,457.84,Delivered,5,May,2025
O00879,C0060,P032,2025-12-09,7,0.15,627.61,544.81,82.8,Delivered,12,December,2025
O00880,C0167,P032,2025-08-13,1,0.0,105.48,77.83,27.65,Delivered,8,August,2025
O00881,C0202,P006,2025-11-09,10,0.2,3078.56,2407.3,671.26,Delivered,11,November,2025
O00882,C0146,P048,2025-04-13,1,0.1,201.12,177.5,23.62,Delivered,4,April,2025
O00883,C0164,P038,2025-12-13,5,0.05,2081.83,1345.75,736.08,Delivered,12,December,2025
O00884,C0242,P017,2025-10-28,15,0.1,1497.82,1231.95,265.87,Cancelled,10,October,2025
O00885,C0069,P010,2025-03-29,2,0.1,366.89,295.34,71.55,Delivered,3,March,2025
O00886,C0175,P050,2025-10-30,9,0.1,2330.29,1726.11,604.18,Cancelled,10,October,2025
O00887,C0049,P027,2025-06-17,15,0.1,4310.82,3000.45,1310.37,Delivered,6,June,2025
O00888,C0108,P050,2025-06-19,7,0.1,1812.45,1342.53,469.92,Cancelled,6,June,2025
O00889,C0226,P035,2025-05-15,4,0.0,676.56,408.08,268.48,Delivered,5,May,2025
O00890,C0161,P021,2025-02-19,4,0.15,1845.35,1476.8,368.55,Delivered,2,February,2025
O00891,C0119,P025,2025-12-06,2,0.1,669.42,556.3,113.12,Delivered,12,December,2025
O00892,C0149,P028,2025-12-13,5,0.0,1013.75,866.35,147.4,Delivered,12,December,2025
O00893,C0150,P047,2025-05-14,4,0.15,1141.35,989.2,152.15,Cancelled,5,May,2025
O00894,C0293,P015,2025-12-13,12,0.2,773.76,564.36,209.4,Delivered,12,December,2025
O00895,C0143,P004,2025-05-17,13,0.2,2413.53,2113.28,300.25,Delivered,5,May,2025
O00896,C0160,P029,2025-09-02,1,0.05,595.36,420.05,175.31,Cancelled,9,September,2025
O00897,C0011,P009,2025-04-19,12,0.0,5769.0,3414.12,2354.88,Delivered,4,April,2025
O00898,C0138,P027,2025-11-09,8,0.1,2299.1,1600.24,698.86,Delivered,11,November,2025
O00899,C0078,P026,2025-10-14,3,0.0,878.52,676.26,202.26,Delivered,10,October,2025
O00900,C0077,P019,2025-01-21,14,0.2,8119.33,6240.22,1879.11,Cancelled,1,January,2025
O00901,C0254,P028,2025-03-31,6,0.0,1216.5,1039.62,176.88,Delivered,3,March,2025
O00902,C0258,P017,2025-10-23,4,0.05,421.61,328.52,93.09,Delivered,10,October,2025
O00903,C0291,P043,2025-04-22,9,0.1,1175.31,850.95,324.36,Delivered,4,April,2025
O00904,C0263,P041,2025-10-28,7,0.05,3822.02,2540.93,1281.09,Delivered,10,October,2025
O00905,C0085,P042,2025-03-18,9,0.15,1339.59,996.21,343.38,Delivered,3,March,2025
O00906,C0146,P050,2025-06-26,10,0.1,2589.21,1917.9,671.31,Cancelled,6,June,2025
O00907,C0042,P020,2025-12-09,3,0.0,739.71,486.0,253.71,Cancelled,12,December,2025
O00908,C0125,P045,2025-05-28,1,0.05,520.35,371.19,149.16,Delivered,5,May,2025
O00909,C0167,P040,2025-04-11,5,0.1,489.02,422.0,67.02,Delivered,4,April,2025
O00910,C0241,P039,2025-09-03,3,0.0,1423.89,1148.34,275.55,Delivered,9,September,2025
O00911,C0280,P049,2025-04-27,6,0.1,3641.33,2386.86,1254.47,Delivered,4,April,2025
O00912,C0188,P023,2025-04-02,8,0.1,3677.11,2517.12,1159.99,Delivered,4,April,2025
O00913,C0019,P047,2025-01-28,11,0.15,3138.7,2720.3,418.4,Cancelled,1,January,2025
O00914,C0068,P032,2025-01-25,13,0.2,1096.99,1011.79,85.2,Delivered,1,January,2025
O00915,C0218,P047,2025-02-27,4,0.2,1074.21,989.2,85.01,Delivered,2,February,2025
O00916,C0102,P033,2025-10-24,5,0.2,2205.36,1678.1,527.26,Delivered,10,October,2025
O00917,C0042,P046,2025-05-14,5,0.0,2001.8,1538.55,463.25,Delivered,5,May,2025
O00918,C0288,P005,2025-11-27,4,0.0,1095.6,823.24,272.36,Delivered,11,November,2025
O00919,C0167,P043,2025-09-06,4,0.05,551.38,378.2,173.18,Delivered,9,September,2025
O00920,C0109,P048,2025-02-07,4,0.2,715.1,710.0,5.1,Cancelled,2,February,2025
O00921,C0036,P034,2025-03-16,4,0.25,1546.47,1695.16,-148.69,Cancelled,3,March,2025
O00922,C0232,P040,2025-05-22,4,0.2,347.74,337.6,10.14,Delivered,5,May,2025
O00923,C0229,P011,2025-11-18,5,0.0,2007.75,1360.15,647.6,Cancelled,11,November,2025
O00924,C0164,P050,2025-06-17,2,0.2,460.3,383.58,76.72,Delivered,6,June,2025
O00925,C0073,P003,2025-09-16,2,0.1,258.84,208.98,49.86,Delivered,9,September,2025
O00926,C0136,P033,2025-12-21,9,0.0,4962.06,3020.58,1941.48,Delivered,12,December,2025
O00927,C0070,P011,2025-08-13,2,0.1,722.79,544.06,178.73,Delivered,8,August,2025
O00928,C0196,P016,2025-06-01,6,0.0,1539.36,1008.36,531.0,Cancelled,6,June,2025
O00929,C0269,P018,2025-01-19,2,0.1,115.31,103.86,11.45,Delivered,1,January,2025
O00930,C0049,P030,2025-05-26,5,0.05,2886.29,1890.05,996.24,Delivered,5,May,2025
O00931,C0130,P048,2025-08-29,4,0.1,804.49,710.0,94.49,Delivered,8,August,2025
O00932,C0005,P010,2025-12-10,12,0.1,2201.36,1772.04,429.32,Delivered,12,December,2025
O00933,C0027,P018,2025-08-25,7,0.2,358.74,363.51,-4.77,Delivered,8,August,2025
O00934,C0160,P038,2025-02-04,15,0.15,5588.07,4037.25,1550.82,Delivered,2,February,2025
O00935,C0149,P019,2025-07-09,7,0.1,4567.12,3120.11,1447.01,Delivered,7,July,2025
O00936,C0264,P036,2025-01-01,13,0.15,721.79,692.38,29.41,Delivered,1,January,2025
O00937,C0230,P013,2025-06-02,6,0.2,1679.28,1376.88,302.4,Delivered,6,June,2025
O00938,C0200,P046,2025-05-06,10,0.0,4003.6,3077.1,926.5,Delivered,5,May,2025
O00939,C0050,P003,2025-12-11,5,0.1,647.1,522.45,124.65,Delivered,12,December,2025
O00940,C0067,P010,2025-08-14,1,0.05,193.64,147.67,45.97,Delivered,8,August,2025
O00941,C0300,P038,2025-08-09,12,0.0,5259.36,3229.8,2029.56,Cancelled,8,August,2025
O00942,C0058,P001,2025-07-30,15,0.15,3010.78,2159.85,850.93,Delivered,7,July,2025
O00943,C0259,P027,2025-01-25,3,0.2,766.37,600.09,166.28,Delivered,1,January,2025
O00944,C0130,P046,2025-01-16,9,0.0,3603.24,2769.39,833.85,Delivered,1,January,2025
O00945,C0215,P008,2025-07-01,15,0.15,1213.42,1107.15,106.27,Delivered,7,July,2025
O00946,C0172,P046,2025-11-25,14,0.2,4484.03,4307.94,176.09,Delivered,11,November,2025
O00947,C0258,P042,2025-05-09,1,0.2,140.09,110.69,29.4,Delivered,5,May,2025
O00948,C0102,P017,2025-02-11,5,0.05,527.01,410.65,116.36,Delivered,2,February,2025
O00949,C0209,P009,2025-12-02,2,0.2,769.2,569.02,200.18,Delivered,12,December,2025
O00950,C0291,P006,2025-08-24,4,0.05,1462.32,962.92,499.4,Delivered,8,August,2025
O00951,C0286,P043,2025-12-26,14,0.1,1828.26,1323.7,504.56,Delivered,12,December,2025
O00952,C0116,P025,2025-02-03,14,0.0,5206.6,3894.1,1312.5,Delivered,2,February,2025
O00953,C0264,P039,2025-12-11,11,0.0,5220.93,4210.58,1010.35,Delivered,12,December,2025
O00954,C0150,P049,2025-02-14,1,0.15,573.17,397.81,175.36,Delivered,2,February,2025
O00955,C0300,P028,2025-05-14,3,0.1,547.43,519.81,27.62,Delivered,5,May,2025
O00956,C0036,P033,2025-01-21,10,0.05,5237.73,3356.2,1881.53,Delivered,1,January,2025
O00957,C0287,P037,2025-05-02,7,0.0,3304.14,2379.86,924.28,Delivered,5,May,2025
O00958,C0208,P009,2025-03-11,10,0.15,4086.38,2845.1,1241.28,Delivered,3,March,2025
O00959,C0106,P018,2025-12-18,15,0.0,960.9,778.95,181.95,Delivered,12,December,2025
O00960,C0158,P021,2025-12-27,3,0.15,1384.01,1107.6,276.41,Delivered,12,December,2025
O00961,C0121,P002,2025-02-17,4,0.0,1990.36,1408.12,582.24,Delivered,2,February,2025
O00962,C0055,P043,2025-02-08,2,0.0,290.2,189.1,101.1,Delivered,2,February,2025
O00963,C0012,P038,2025-10-14,3,0.05,1249.1,807.45,441.65,Delivered,10,October,2025
O00964,C0145,P040,2025-01-10,9,0.1,880.23,759.6,120.63,Delivered,1,January,2025
O00965,C0136,P036,2025-01-30,3,0.05,186.16,159.78,26.38,Delivered,1,January,2025
O00966,C0003,P050,2025-09-01,11,0.05,3006.36,2109.69,896.67,Delivered,9,September,2025
O00967,C0144,P043,2025-10-01,5,0.25,544.12,472.75,71.37,Delivered,10,October,2025
O00968,C0030,P037,2025-03-29,2,0.1,849.64,679.96,169.68,Delivered,3,March,2025
O00969,C0237,P015,2025-09-01,4,0.0,322.4,188.12,134.28,Delivered,9,September,2025
O00970,C0279,P028,2025-11-25,12,0.1,2189.7,2079.24,110.46,Delivered,11,November,2025
O00971,C0115,P018,2025-01-15,13,0.2,666.22,675.09,-8.87,Delivered,1,January,2025
O00972,C0104,P034,2025-01-04,7,0.05,3428.01,2966.53,461.48,Delivered,1,January,2025
O00973,C0118,P022,2025-07-10,14,0.0,3145.1,1865.08,1280.02,Delivered,7,July,2025
O00974,C0005,P011,2025-06-17,7,0.15,2389.22,1904.21,485.01,Delivered,6,June,2025
O00975,C0248,P013,2025-01-09,12,0.1,3778.38,2753.76,1024.62,Delivered,1,January,2025
O00976,C0121,P004,2025-04-19,3,0.1,626.59,487.68,138.91,Delivered,4,April,2025
O00977,C0286,P022,2025-05-17,5,0.0,1123.25,666.1,457.15,Cancelled,5,May,2025
O00978,C0149,P007,2025-06-03,1,0.0,185.84,128.02,57.82,Delivered,6,June,2025
O00979,C0084,P043,2025-07-28,10,0.1,1305.9,945.5,360.4,Delivered,7,July,2025
O00980,C0231,P024,2025-09-29,10,0.0,4319.9,3481.0,838.9,Delivered,9,September,2025
O00981,C0288,P004,2025-05-23,10,0.1,2088.63,1625.6,463.03,Delivered,5,May,2025
O00982,C0161,P028,2025-04-09,11,0.1,2007.22,1905.97,101.25,Delivered,4,April,2025
O00983,C0272,P015,2025-11-04,1,0.05,76.57,47.03,29.54,Delivered,11,November,2025
O00984,C0038,P001,2025-03-10,5,0.2,944.56,719.95,224.61,Delivered,3,March,2025
O00985,C0226,P003,2025-09-04,13,0.15,1588.99,1358.37,230.62,Delivered,9,September,2025
O00986,C0142,P014,2025-09-18,10,0.15,2606.78,2513.5,93.28,Delivered,9,September,2025
O00987,C0292,P038,2025-10-03,9,0.0,3944.52,2422.35,1522.17,Delivered,10,October,2025
O00988,C0151,P050,2025-03-20,1,0.0,287.69,191.79,95.9,Delivered,3,March,2025
O00989,C0114,P001,2025-05-26,1,0.1,212.53,143.99,68.54,Delivered,5,May,2025
O00990,C0237,P038,2025-04-21,4,0.0,1753.12,1076.6,676.52,Cancelled,4,April,2025
O00991,C0066,P038,2025-09-15,4,0.25,1314.84,1076.6,238.24,Cancelled,9,September,2025
O00992,C0258,P021,2025-04-03,2,0.0,1085.5,738.4,347.1,Delivered,4,April,2025
O00993,C0249,P048,2025-01-13,9,0.1,1810.11,1597.5,212.61,Delivered,1,January,2025
O00994,C0180,P029,2025-09-17,14,0.05,8334.98,5880.7,2454.28,Cancelled,9,September,2025
O00995,C0190,P005,2025-04-19,9,0.1,2218.59,1852.29,366.3,Delivered,4,April,2025
O00996,C0154,P049,2025-11-26,13,0.0,8766.16,5171.53,3594.63,Delivered,11,November,2025
O00997,C0196,P010,2025-07-08,13,0.1,2384.81,1919.71,465.1,Delivered,7,July,2025
O00998,C0262,P028,2025-04-05,2,0.05,385.22,346.54,38.68,Delivered,4,April,2025
O00999,C0143,P021,2025-04-15,14,0.2,6078.8,5168.8,910.0,Delivered,4,April,2025
O01000,C0101,P050,2025-01-08,9,0.0,2589.21,1726.11,863.1,Delivered,1,January,2025
O01001,C0244,P007,2025-03-08,15,0.2,2230.08,1920.3,309.78,Delivered,3,March,2025
O01002,C0012,P003,2025-07-10,6,0.15,733.38,626.94,106.44,Delivered,7,July,2025
O01003,C0239,P045,2025-09-13,8,0.05,4162.82,2969.52,1193.3,Delivered,9,September,2025
O01004,C0049,P047,2025-01-09,10,0.15,2853.36,2473.0,380.36,Delivered,1,January,2025
O01005,C0042,P020,2025-04-27,13,0.0,3205.41,2106.0,1099.41,Delivered,4,April,2025
O01006,C0166,P019,2025-09-24,15,0.25,8155.58,6685.95,1469.63,Delivered,9,September,2025
O01007,C0082,P035,2025-04-09,13,0.1,1978.94,1326.26,652.68,Delivered,4,April,2025
O01008,C0291,P004,2025-10-25,4,0.05,881.87,650.24,231.63,Delivered,10,October,2025
O01009,C0158,P005,2025-06-13,2,0.05,520.41,411.62,108.79,Delivered,6,June,2025
O01010,C0216,P001,2025-05-21,2,0.0,472.28,287.98,184.3,Delivered,5,May,2025
O01011,C0158,P004,2025-09-25,9,0.25,1566.47,1463.04,103.43,Delivered,9,September,2025
O01012,C0134,P012,2025-02-06,1,0.0,153.47,90.6,62.87,Delivered,2,February,2025
O01013,C0067,P027,2025-03-15,12,0.15,3257.06,2400.36,856.7,Delivered,3,March,2025
O01014,C0007,P042,2025-03-14,7,0.1,1103.19,774.83,328.36,Delivered,3,March,2025
O01015,C0014,P023,2025-11-04,11,0.2,4494.25,3461.04,1033.21,Delivered,11,November,2025
O01016,C0073,P025,2025-07-18,14,0.0,5206.6,3894.1,1312.5,Delivered,7,July,2025
O01017,C0163,P021,2025-05-10,3,0.1,1465.42,1107.6,357.82,Cancelled,5,May,2025
O01018,C0066,P024,2025-09-03,3,0.1,1166.37,1044.3,122.07,Delivered,9,September,2025
O01019,C0130,P025,2025-11-08,2,0.15,632.23,556.3,75.93,Delivered,11,November,2025
O01020,C0206,P045,2025-03-01,14,0.0,7668.36,5196.66,2471.7,Delivered,3,March,2025
O01021,C0276,P046,2025-10-06,10,0.0,4003.6,3077.1,926.5,Cancelled,10,October,2025
O01022,C0256,P032,2025-04-13,6,0.0,632.88,466.98,165.9,Delivered,4,April,2025
O01023,C0266,P032,2025-10-23,13,0.15,1165.55,1011.79,153.76,Delivered,10,October,2025
O01024,C0025,P005,2025-11-16,10,0.0,2739.0,2058.1,680.9,Delivered,11,November,2025
O01025,C0281,P036,2025-12-07,2,0.1,117.58,106.52,11.06,Delivered,12,December,2025
O01026,C0253,P046,2025-05-31,10,0.0,4003.6,3077.1,926.5,Delivered,5,May,2025
O01027,C0289,P042,2025-06-06,15,0.2,2101.32,1660.35,440.97,Delivered,6,June,2025
O01028,C0164,P049,2025-07-25,4,0.2,2157.82,1591.24,566.58,Delivered,7,July,2025
O01029,C0095,P042,2025-06-28,10,0.1,1575.99,1106.9,469.09,Delivered,6,June,2025
O01030,C0270,P039,2025-07-16,9,0.05,4058.09,3445.02,613.07,Delivered,7,July,2025
O01031,C0110,P016,2025-08-11,9,0.0,2309.04,1512.54,796.5,Delivered,8,August,2025
O01032,C0238,P033,2025-03-30,6,0.0,3308.04,2013.72,1294.32,Delivered,3,March,2025
O01033,C0025,P049,2025-10-14,13,0.05,8327.85,5171.53,3156.32,Returned,10,October,2025
O01034,C0141,P021,2025-10-03,4,0.15,1845.35,1476.8,368.55,Delivered,10,October,2025
O01035,C0117,P009,2025-08-24,7,0.1,3028.72,1991.57,1037.15,Delivered,8,August,2025
O01036,C0025,P006,2025-07-02,14,0.2,4309.98,3370.22,939.76,Delivered,7,July,2025
O01037,C0079,P045,2025-07-28,1,0.05,520.35,371.19,149.16,Delivered,7,July,2025
O01038,C0068,P035,2025-05-10,12,0.15,1725.23,1224.24,500.99,Delivered,5,May,2025
O01039,C0173,P039,2025-06-02,4,0.1,1708.67,1531.12,177.55,Delivered,6,June,2025
O01040,C0012,P022,2025-01-13,5,0.1,1010.92,666.1,344.82,Delivered,1,January,2025
O01041,C0288,P041,2025-05-02,8,0.05,4368.02,2903.92,1464.1,Returned,5,May,2025
O01042,C0128,P005,2025-12-25,12,0.1,2958.12,2469.72,488.4,Delivered,12,December,2025
O01043,C0096,P042,2025-08-08,2,0.1,315.2,221.38,93.82,Delivered,8,August,2025
O01044,C0092,P023,2025-04-16,12,0.15,5209.24,3775.68,1433.56,Delivered,4,April,2025
O01045,C0141,P017,2025-03-11,5,0.2,443.8,410.65,33.15,Delivered,3,March,2025
O01046,C0031,P012,2025-07-14,6,0.05,874.78,543.6,331.18,Delivered,7,July,2025
O01047,C0020,P023,2025-07-05,5,0.0,2553.55,1573.2,980.35,Delivered,7,July,2025
O01048,C0146,P016,2025-04-09,15,0.1,3463.56,2520.9,942.66,Delivered,4,April,2025
O01049,C0160,P003,2025-03-23,13,0.1,1682.46,1358.37,324.09,Delivered,3,March,2025
O01050,C0043,P030,2025-03-16,9,0.0,5468.76,3402.09,2066.67,Delivered,3,March,2025
O01051,C0254,P022,2025-12-06,10,0.15,1909.52,1332.2,577.32,Delivered,12,December,2025
O01052,C0130,P009,2025-07-11,1,0.25,360.56,284.51,76.05,Delivered,7,July,2025
O01053,C0060,P029,2025-11-21,14,0.2,7018.93,5880.7,1138.23,Delivered,11,November,2025
O01054,C0151,P047,2025-08-02,3,0.0,1007.07,741.9,265.17,Delivered,8,August,2025
O01055,C0287,P037,2025-11-11,14,0.2,5286.62,4759.72,526.9,Delivered,11,November,2025
O01056,C0005,P023,2025-11-14,2,0.15,868.21,629.28,238.93,Delivered,11,November,2025
O01057,C0266,P013,2025-05-24,12,0.1,3778.38,2753.76,1024.62,Delivered,5,May,2025
O01058,C0130,P032,2025-08-04,13,0.1,1234.12,1011.79,222.33,Delivered,8,August,2025
O01059,C0267,P046,2025-12-27,3,0.15,1020.92,923.13,97.79,Delivered,12,December,2025
O01060,C0178,P047,2025-11-20,10,0.1,3021.21,2473.0,548.21,Delivered,11,November,2025
O01061,C0253,P048,2025-01-15,9,0.05,1910.67,1597.5,313.17,Delivered,1,January,2025
O01062,C0056,P023,2025-08-05,13,0.1,5975.31,4090.32,1884.99,Delivered,8,August,2025
O01063,C0083,P045,2025-02-04,14,0.1,6901.52,5196.66,1704.86,Delivered,2,February,2025
O01064,C0099,P017,2025-07-02,9,0.0,998.55,739.17,259.38,Delivered,7,July,2025
O01065,C0149,P040,2025-09-27,10,0.2,869.36,844.0,25.36,Delivered,9,September,2025
O01066,C0156,P021,2025-12-24,2,0.15,922.68,738.4,184.28,Delivered,12,December,2025
O01067,C0190,P002,2025-04-10,14,0.1,6269.63,4928.42,1341.21,Delivered,4,April,2025
O01068,C0263,P037,2025-01-07,3,0.0,1416.06,1019.94,396.12,Delivered,1,January,2025
O01069,C0080,P006,2025-01-30,14,0.1,4848.73,3370.22,1478.51,Delivered,1,January,2025
O01070,C0252,P044,2025-11-01,4,0.0,594.04,379.24,214.8,Delivered,11,November,2025
O01071,C0097,P018,2025-05-24,9,0.0,576.54,467.37,109.17,Delivered,5,May,2025
O01072,C0260,P030,2025-04-21,3,0.1,1640.63,1134.03,506.6,Delivered,4,April,2025
O01073,C0260,P022,2025-08-20,13,0.1,2628.4,1731.86,896.54,Delivered,8,August,2025
O01074,C0103,P033,2025-06-28,7,0.1,3473.44,2349.34,1124.1,Delivered,6,June,2025
O01075,C0040,P030,2025-03-13,12,0.0,7291.68,4536.12,2755.56,Delivered,3,March,2025
O01076,C0273,P017,2025-07-29,3,0.1,299.57,246.39,53.18,Delivered,7,July,2025
O01077,C0101,P043,2025-08-08,7,0.0,1015.7,661.85,353.85,Delivered,8,August,2025
O01078,C0221,P032,2025-03-21,7,0.25,553.77,544.81,8.96,Delivered,3,March,2025
O01079,C0124,P042,2025-03-24,9,0.1,1418.39,996.21,422.18,Delivered,3,March,2025
O01080,C0231,P014,2025-02-11,2,0.15,521.36,502.7,18.66,Delivered,2,February,2025
O01081,C0178,P010,2025-09-30,13,0.05,2517.3,1919.71,597.59,Delivered,9,September,2025
O01082,C0063,P047,2025-07-10,6,0.0,2014.14,1483.8,530.34,Cancelled,7,July,2025
O01083,C0116,P036,2025-06-22,9,0.25,440.91,479.34,-38.43,Delivered,6,June,2025
O01084,C0191,P034,2025-01-07,12,0.05,5876.59,5085.48,791.11,Delivered,1,January,2025
O01085,C0062,P009,2025-06-04,15,0.1,6490.12,4267.65,2222.47,Delivered,6,June,2025
O01086,C0256,P042,2025-01-10,12,0.1,1891.19,1328.28,562.91,Cancelled,1,January,2025
O01087,C0007,P028,2025-02-03,15,0.0,3041.25,2599.05,442.2,Returned,2,February,2025
O01088,C0155,P011,2025-02-05,2,0.15,682.64,544.06,138.58,Delivered,2,February,2025
O01089,C0092,P014,2025-01-06,2,0.1,552.02,502.7,49.32,Delivered,1,January,2025
O01090,C0014,P039,2025-08-03,13,0.05,5861.68,4976.14,885.54,Delivered,8,August,2025
O01091,C0229,P047,2025-05-14,14,0.0,4699.66,3462.2,1237.46,Delivered,5,May,2025
O01092,C0086,P019,2025-10-12,5,0.0,3624.7,2228.65,1396.05,Delivered,10,October,2025
O01093,C0133,P015,2025-05-06,10,0.2,644.8,470.3,174.5,Delivered,5,May,2025
O01094,C0183,P028,2025-12-03,10,0.15,1723.38,1732.7,-9.32,Delivered,12,December,2025
O01095,C0062,P024,2025-06-23,12,0.0,5183.88,4177.2,1006.68,Delivered,6,June,2025
O01096,C0219,P008,2025-06-01,10,0.0,951.7,738.1,213.6,Delivered,6,June,2025
O01097,C0246,P043,2025-11-27,8,0.15,986.68,756.4,230.28,Delivered,11,November,2025
O01098,C0230,P009,2025-01-26,11,0.1,4759.42,3129.61,1629.81,Delivered,1,January,2025
O01099,C0079,P047,2025-04-25,15,0.1,4531.82,3709.5,822.32,Delivered,4,April,2025
O01100,C0149,P033,2025-10-11,9,0.05,4713.96,3020.58,1693.38,Delivered,10,October,2025
O01101,C0138,P033,2025-03-16,2,0.0,1102.68,671.24,431.44,Delivered,3,March,2025
O01102,C0065,P019,2025-06-15,5,0.15,3081.0,2228.65,852.35,Delivered,6,June,2025
O01103,C0013,P003,2025-07-08,14,0.25,1509.9,1462.86,47.04,Delivered,7,July,2025
O01104,C0213,P010,2025-03-19,7,0.0,1426.81,1033.69,393.12,Delivered,3,March,2025
O01105,C0242,P040,2025-03-31,15,0.1,1467.04,1266.0,201.04,Delivered,3,March,2025
O01106,C0213,P047,2025-06-25,6,0.1,1812.73,1483.8,328.93,Delivered,6,June,2025
O01107,C0181,P042,2025-01-21,6,0.1,945.59,664.14,281.45,Delivered,1,January,2025
O01108,C0173,P001,2025-02-23,7,0.05,1570.33,1007.93,562.4,Delivered,2,February,2025
O01109,C0160,P029,2025-07-03,3,0.15,1598.06,1260.15,337.91,Delivered,7,July,2025
O01110,C0164,P050,2025-12-25,13,0.1,3365.97,2493.27,872.7,Delivered,12,December,2025
O01111,C0188,P034,2025-08-10,3,0.1,1391.82,1271.37,120.45,Delivered,8,August,2025
O01112,C0191,P013,2025-11-11,10,0.05,3323.58,2294.8,1028.78,Delivered,11,November,2025
O01113,C0256,P001,2025-11-24,9,0.0,2125.26,1295.91,829.35,Delivered,11,November,2025
O01114,C0183,P034,2025-06-28,14,0.0,7216.86,5933.06,1283.8,Delivered,6,June,2025
O01115,C0117,P029,2025-10-03,8,0.15,4261.49,3360.4,901.09,Delivered,10,October,2025
O01116,C0282,P048,2025-04-22,5,0.0,1117.35,887.5,229.85,Cancelled,4,April,2025
O01117,C0196,P047,2025-08-12,6,0.15,1712.02,1483.8,228.22,Delivered,8,August,2025
O01118,C0034,P013,2025-08-02,11,0.05,3655.93,2524.28,1131.65,Delivered,8,August,2025
O01119,C0052,P048,2025-02-28,12,0.1,2413.48,2130.0,283.48,Delivered,2,February,2025
O01120,C0112,P049,2025-11-23,10,0.1,6068.88,3978.1,2090.78,Cancelled,11,November,2025
O01121,C0252,P029,2025-04-19,1,0.05,595.36,420.05,175.31,Delivered,4,April,2025
O01122,C0082,P039,2025-06-06,10,0.0,4746.3,3827.8,918.5,Delivered,6,June,2025
O01123,C0232,P024,2025-07-10,12,0.05,4924.69,4177.2,747.49,Delivered,7,July,2025
O01124,C0227,P026,2025-07-19,1,0.15,248.91,225.42,23.49,Delivered,7,July,2025
O01125,C0233,P017,2025-11-08,4,0.15,377.23,328.52,48.71,Delivered,11,November,2025
O01126,C0221,P007,2025-07-15,2,0.05,353.1,256.04,97.06,Delivered,7,July,2025
O01127,C0042,P013,2025-02-04,11,0.1,3463.52,2524.28,939.24,Delivered,2,February,2025
O01128,C0021,P005,2025-09-03,7,0.0,1917.3,1440.67,476.63,Delivered,9,September,2025
O01129,C0042,P026,2025-08-25,2,0.0,585.68,450.84,134.84,Delivered,8,August,2025
O01130,C0113,P049,2025-04-14,10,0.0,6743.2,3978.1,2765.1,Delivered,4,April,2025
O01131,C0105,P003,2025-01-07,2,0.2,230.08,208.98,21.1,Delivered,1,January,2025
O01132,C0192,P007,2025-10-10,5,0.0,929.2,640.1,289.1,Delivered,10,October,2025
O01133,C0017,P049,2025-01-01,4,0.0,2697.28,1591.24,1106.04,Delivered,1,January,2025
O01134,C0120,P039,2025-08-07,8,0.05,3607.19,3062.24,544.95,Delivered,8,August,2025
O01135,C0129,P001,2025-08-18,4,0.0,944.56,575.96,368.6,Delivered,8,August,2025
O01136,C0130,P049,2025-06-21,14,0.1,8496.43,5569.34,2927.09,Delivered,6,June,2025
O01137,C0060,P017,2025-03-28,12,0.0,1331.4,985.56,345.84,Delivered,3,March,2025
O01138,C0048,P043,2025-02-10,6,0.0,870.6,567.3,303.3,Delivered,2,February,2025
O01139,C0029,P025,2025-05-03,5,0.1,1673.55,1390.75,282.8,Delivered,5,May,2025
O01140,C0097,P003,2025-11-27,11,0.05,1502.71,1149.39,353.32,Delivered,11,November,2025
O01141,C0010,P015,2025-10-25,14,0.15,959.14,658.42,300.72,Delivered,10,October,2025
O01142,C0242,P029,2025-06-27,2,0.1,1128.04,840.1,287.94,Returned,6,June,2025
O01143,C0232,P043,2025-03-04,11,0.05,1516.29,1040.05,476.24,Delivered,3,March,2025
O01144,C0277,P032,2025-06-14,15,0.15,1344.87,1167.45,177.42,Delivered,6,June,2025
O01145,C0284,P026,2025-07-06,13,0.0,3806.92,2930.46,876.46,Delivered,7,July,2025
O01146,C0203,P016,2025-07-28,12,0.1,2770.85,2016.72,754.13,Delivered,7,July,2025
O01147,C0247,P025,2025-08-15,14,0.1,4685.94,3894.1,791.84,Delivered,8,August,2025
O01148,C0290,P028,2025-02-17,8,0.05,1540.9,1386.16,154.74,Delivered,2,February,2025
O01149,C0264,P009,2025-08-12,2,0.1,865.35,569.02,296.33,Delivered,8,August,2025
O01150,C0214,P001,2025-01-03,9,0.2,1700.21,1295.91,404.3,Delivered,1,January,2025
O01151,C0200,P029,2025-06-24,15,0.25,7050.26,6300.75,749.51,Delivered,6,June,2025
O01152,C0079,P022,2025-04-09,9,0.1,1819.67,1198.98,620.69,Delivered,4,April,2025
O01153,C0173,P016,2025-04-26,3,0.1,692.71,504.18,188.53,Delivered,4,April,2025
O01154,C0069,P041,2025-09-27,4,0.0,2298.96,1451.96,847.0,Delivered,9,September,2025
O01155,C0087,P044,2025-09-10,8,0.05,1128.68,758.48,370.2,Delivered,9,September,2025
O01156,C0101,P041,2025-11-13,9,0.1,4655.39,3266.91,1388.48,Delivered,11,November,2025
O01157,C0008,P007,2025-04-05,3,0.05,529.64,384.06,145.58,Delivered,4,April,2025
O01158,C0200,P014,2025-09-30,5,0.2,1226.72,1256.75,-30.03,Delivered,9,September,2025
O01159,C0087,P029,2025-01-24,11,0.05,6548.91,4620.55,1928.36,Delivered,1,January,2025
O01160,C0043,P019,2025-04-26,15,0.05,10330.4,6685.95,3644.45,Delivered,4,April,2025
O01161,C0109,P019,2025-05-31,8,0.05,5509.54,3565.84,1943.7,Cancelled,5,May,2025
O01162,C0152,P002,2025-12-04,3,0.15,1268.85,1056.09,212.76,Cancelled,12,December,2025
O01163,C0017,P041,2025-02-19,7,0.15,3419.7,2540.93,878.77,Cancelled,2,February,2025
O01164,C0133,P045,2025-07-25,11,0.1,5422.63,4083.09,1339.54,Delivered,7,July,2025
O01165,C0148,P015,2025-12-01,8,0.05,612.56,376.24,236.32,Delivered,12,December,2025
O01166,C0277,P003,2025-03-20,10,0.15,1222.3,1044.9,177.4,Delivered,3,March,2025
O01167,C0232,P011,2025-03-11,11,0.0,4417.05,2992.33,1424.72,Delivered,3,March,2025
O01168,C0228,P046,2025-01-27,14,0.2,4484.03,4307.94,176.09,Cancelled,1,January,2025
O01169,C0139,P030,2025-09-28,3,0.1,1640.63,1134.03,506.6,Delivered,9,September,2025
O01170,C0211,P040,2025-02-19,2,0.05,206.47,168.8,37.67,Cancelled,2,February,2025
O01171,C0028,P018,2025-10-19,10,0.1,576.54,519.3,57.24,Delivered,10,October,2025
O01172,C0051,P048,2025-09-04,13,0.15,2469.34,2307.5,161.84,Returned,9,September,2025
O01173,C0261,P002,2025-09-21,7,0.0,3483.13,2464.21,1018.92,Cancelled,9,September,2025
O01174,C0261,P032,2025-03-20,12,0.2,1012.61,933.96,78.65,Delivered,3,March,2025
O01175,C0008,P008,2025-07-09,9,0.1,770.88,664.29,106.59,Delivered,7,July,2025
O01176,C0138,P022,2025-02-16,1,0.05,213.42,133.22,80.2,Delivered,2,February,2025
O01177,C0038,P006,2025-12-27,3,0.0,1154.46,722.19,432.27,Delivered,12,December,2025
O01178,C0111,P012,2025-12-20,5,0.1,690.62,453.0,237.62,Delivered,12,December,2025
O01179,C0220,P047,2025-12-18,3,0.1,906.36,741.9,164.46,Delivered,12,December,2025
O01180,C0223,P040,2025-07-08,1,0.1,97.8,84.4,13.4,Cancelled,7,July,2025
O01181,C0136,P036,2025-09-13,15,0.15,832.83,798.9,33.93,Delivered,9,September,2025
O01182,C0256,P015,2025-08-10,7,0.1,507.78,329.21,178.57,Delivered,8,August,2025
O01183,C0049,P028,2025-08-29,7,0.25,1064.44,1212.89,-148.45,Delivered,8,August,2025
O01184,C0292,P049,2025-09-26,10,0.1,6068.88,3978.1,2090.78,Delivered,9,September,2025
O01185,C0078,P045,2025-01-01,12,0.15,5586.95,4454.28,1132.67,Delivered,1,January,2025
O01186,C0105,P018,2025-02-03,8,0.0,512.48,415.44,97.04,Delivered,2,February,2025
O01187,C0169,P002,2025-03-20,5,0.05,2363.55,1760.15,603.4,Delivered,3,March,2025
O01188,C0217,P013,2025-08-24,10,0.05,3323.58,2294.8,1028.78,Delivered,8,August,2025
O01189,C0119,P045,2025-11-30,12,0.1,5915.59,4454.28,1461.31,Delivered,11,November,2025
O01190,C0190,P015,2025-12-15,5,0.2,322.4,235.15,87.25,Delivered,12,December,2025
O01191,C0255,P020,2025-04-08,5,0.0,1232.85,810.0,422.85,Delivered,4,April,2025
O01192,C0266,P029,2025-03-23,1,0.0,626.69,420.05,206.64,Delivered,3,March,2025
O01193,C0149,P042,2025-07-11,10,0.2,1400.88,1106.9,293.98,Delivered,7,July,2025
O01194,C0164,P029,2025-09-10,5,0.0,3133.45,2100.25,1033.2,Cancelled,9,September,2025
O01195,C0140,P003,2025-02-07,6,0.15,733.38,626.94,106.44,Delivered,2,February,2025
O01196,C0258,P019,2025-01-14,15,0.1,9786.69,6685.95,3100.74,Delivered,1,January,2025
O01197,C0269,P003,2025-12-13,13,0.15,1588.99,1358.37,230.62,Delivered,12,December,2025
O01198,C0181,P014,2025-11-06,12,0.0,3680.16,3016.2,663.96,Delivered,11,November,2025
O01199,C0160,P040,2025-07-28,1,0.0,108.67,84.4,24.27,Cancelled,7,July,2025
O01200,C0288,P004,2025-12-23,11,0.1,2297.49,1788.16,509.33,Delivered,12,December,2025
O01201,C0288,P011,2025-03-30,7,0.2,2248.68,1904.21,344.47,Delivered,3,March,2025
O01202,C0226,P031,2025-02-25,1,0.1,656.39,435.14,221.25,Delivered,2,February,2025
O01203,C0011,P043,2025-04-04,11,0.05,1516.29,1040.05,476.24,Delivered,4,April,2025
O01204,C0010,P032,2025-04-03,2,0.1,189.86,155.66,34.2,Delivered,4,April,2025
O01205,C0271,P027,2025-12-06,2,0.2,510.91,400.06,110.85,Delivered,12,December,2025
O01206,C0273,P030,2025-03-26,5,0.15,2582.47,1890.05,692.42,Delivered,3,March,2025
O01207,C0183,P043,2025-09-02,14,0.25,1523.55,1323.7,199.85,Delivered,9,September,2025
O01208,C0153,P002,2025-01-22,10,0.0,4975.9,3520.3,1455.6,Delivered,1,January,2025
O01209,C0124,P049,2025-10-18,13,0.0,8766.16,5171.53,3594.63,Delivered,10,October,2025
O01210,C0114,P009,2025-09-29,7,0.1,3028.72,1991.57,1037.15,Delivered,9,September,2025
O01211,C0278,P028,2025-11-02,1,0.15,172.34,173.27,-0.93,Delivered,11,November,2025
O01212,C0213,P031,2025-05-02,10,0.05,6928.54,4351.4,2577.14,Delivered,5,May,2025
O01213,C0172,P034,2025-05-08,1,0.0,515.49,423.79,91.7,Delivered,5,May,2025
O01214,C0288,P015,2025-04-23,1,0.15,68.51,47.03,21.48,Delivered,4,April,2025
O01215,C0174,P048,2025-09-30,6,0.0,1340.82,1065.0,275.82,Delivered,9,September,2025
O01216,C0113,P025,2025-12-02,2,0.05,706.61,556.3,150.31,Delivered,12,December,2025
O01217,C0122,P036,2025-05-10,1,0.1,58.79,53.26,5.53,Delivered,5,May,2025
O01218,C0032,P008,2025-05-12,6,0.1,513.92,442.86,71.06,Cancelled,5,May,2025
O01219,C0222,P009,2025-03-26,14,0.15,5720.92,3983.14,1737.78,Delivered,3,March,2025
O01220,C0119,P037,2025-12-16,2,0.05,896.84,679.96,216.88,Delivered,12,December,2025
O01221,C0039,P048,2025-03-22,6,0.1,1206.74,1065.0,141.74,Delivered,3,March,2025
O01222,C0268,P045,2025-11-21,10,0.1,4929.66,3711.9,1217.76,Cancelled,11,November,2025
O01223,C0233,P039,2025-03-10,8,0.1,3417.34,3062.24,355.1,Delivered,3,March,2025
O01224,C0018,P032,2025-05-28,2,0.1,189.86,155.66,34.2,Returned,5,May,2025
O01225,C0149,P017,2025-01-16,11,0.05,1159.43,903.43,256.0,Cancelled,1,January,2025
O01226,C0149,P035,2025-11-03,9,0.0,1522.26,918.18,604.08,Delivered,11,November,2025
O01227,C0126,P037,2025-04-15,8,0.0,3776.16,2719.84,1056.32,Cancelled,4,April,2025
O01228,C0238,P019,2025-06-14,12,0.0,8699.28,5348.76,3350.52,Delivered,6,June,2025
O01229,C0135,P044,2025-07-20,10,0.1,1336.59,948.1,388.49,Delivered,7,July,2025
O01230,C0151,P029,2025-07-16,1,0.15,532.69,420.05,112.64,Delivered,7,July,2025
O01231,C0236,P007,2025-07-04,7,0.15,1105.75,896.14,209.61,Delivered,7,July,2025
O01232,C0224,P028,2025-11-18,14,0.15,2412.72,2425.78,-13.06,Delivered,11,November,2025
O01233,C0203,P009,2025-09-22,13,0.05,5937.26,3698.63,2238.63,Delivered,9,September,2025
O01234,C0256,P028,2025-12-29,10,0.1,1824.75,1732.7,92.05,Delivered,12,December,2025
O01235,C0086,P006,2025-04-10,6,0.05,2193.47,1444.38,749.09,Delivered,4,April,2025
O01236,C0150,P029,2025-12-08,14,0.0,8773.66,5880.7,2892.96,Delivered,12,December,2025
O01237,C0235,P017,2025-11-16,6,0.0,665.7,492.78,172.92,Delivered,11,November,2025
O01238,C0022,P016,2025-08-02,6,0.1,1385.42,1008.36,377.06,Delivered,8,August,2025
O01239,C0285,P023,2025-10-05,6,0.25,2298.19,1887.84,410.35,Delivered,10,October,2025
O01240,C0269,P031,2025-06-11,10,0.0,7293.2,4351.4,2941.8,Delivered,6,June,2025
O01241,C0258,P003,2025-06-06,7,0.0,1006.6,731.43,275.17,Delivered,6,June,2025
O01242,C0029,P021,2025-09-08,12,0.15,5536.05,4430.4,1105.65,Delivered,9,September,2025
O01243,C0213,P026,2025-04-07,3,0.05,834.59,676.26,158.33,Delivered,4,April,2025
O01244,C0283,P036,2025-01-18,14,0.15,777.31,745.64,31.67,Delivered,1,January,2025
O01245,C0050,P042,2025-11-23,6,0.15,893.06,664.14,228.92,Cancelled,11,November,2025
O01246,C0095,P037,2025-04-07,3,0.2,1132.85,1019.94,112.91,Delivered,4,April,2025
O01247,C0088,P022,2025-01-01,7,0.1,1415.3,932.54,482.76,Cancelled,1,January,2025
O01248,C0044,P042,2025-08-04,7,0.15,1041.9,774.83,267.07,Delivered,8,August,2025
O01249,C0278,P012,2025-05-12,8,0.1,1104.98,724.8,380.18,Delivered,5,May,2025
O01250,C0171,P042,2025-09-17,2,0.1,315.2,221.38,93.82,Delivered,9,September,2025
O01251,C0189,P013,2025-05-05,9,0.1,2833.79,2065.32,768.47,Delivered,5,May,2025
O01252,C0184,P011,2025-03-23,13,0.0,5220.15,3536.39,1683.76,Delivered,3,March,2025
O01253,C0003,P016,2025-10-10,5,0.1,1154.52,840.3,314.22,Delivered,10,October,2025
O01254,C0191,P008,2025-06-20,9,0.1,770.88,664.29,106.59,Delivered,6,June,2025
O01255,C0118,P040,2025-02-28,10,0.15,923.7,844.0,79.7,Delivered,2,February,2025
O01256,C0019,P040,2025-02-01,5,0.15,461.85,422.0,39.85,Delivered,2,February,2025
O01257,C0023,P045,2025-06-10,7,0.15,3259.05,2598.33,660.72,Delivered,6,June,2025
O01258,C0030,P002,2025-10-11,11,0.0,5473.49,3872.33,1601.16,Delivered,10,October,2025
O01259,C0295,P030,2025-04-16,9,0.15,4648.45,3402.09,1246.36,Delivered,4,April,2025
O01260,C0108,P030,2025-04-15,15,0.1,8203.14,5670.15,2532.99,Delivered,4,April,2025
O01261,C0281,P012,2025-08-16,4,0.2,491.1,362.4,128.7,Delivered,8,August,2025
O01262,C0128,P010,2025-07-07,2,0.2,326.13,295.34,30.79,Delivered,7,July,2025
O01263,C0229,P044,2025-03-11,9,0.0,1336.59,853.29,483.3,Cancelled,3,March,2025
O01264,C0111,P011,2025-11-14,13,0.15,4437.13,3536.39,900.74,Delivered,11,November,2025
O01265,C0136,P015,2025-10-17,2,0.0,161.2,94.06,67.14,Delivered,10,October,2025
O01266,C0186,P016,2025-03-28,3,0.05,731.2,504.18,227.02,Delivered,3,March,2025
O01267,C0144,P017,2025-12-28,10,0.1,998.55,821.3,177.25,Delivered,12,December,2025
O01268,C0072,P026,2025-02-25,2,0.0,585.68,450.84,134.84,Delivered,2,February,2025
O01269,C0129,P002,2025-04-23,3,0.15,1268.85,1056.09,212.76,Delivered,4,April,2025
O01270,C0261,P050,2025-01-13,6,0.0,1726.14,1150.74,575.4,Delivered,1,January,2025
O01271,C0003,P012,2025-01-18,3,0.0,460.41,271.8,188.61,Delivered,1,January,2025
O01272,C0104,P026,2025-07-01,15,0.1,3953.34,3381.3,572.04,Delivered,7,July,2025
O01273,C0224,P023,2025-04-23,10,0.15,4341.04,3146.4,1194.64,Delivered,4,April,2025
O01274,C0010,P018,2025-08-17,8,0.2,409.98,415.44,-5.46,Delivered,8,August,2025
O01275,C0231,P032,2025-06-20,11,0.15,986.24,856.13,130.11,Delivered,6,June,2025
O01276,C0219,P049,2025-10-22,6,0.15,3439.03,2386.86,1052.17,Delivered,10,October,2025
O01277,C0066,P038,2025-07-08,7,0.05,2914.56,1884.05,1030.51,Delivered,7,July,2025
O01278,C0112,P047,2025-03-20,1,0.0,335.69,247.3,88.39,Delivered,3,March,2025
O01279,C0013,P003,2025-05-26,3,0.0,431.4,313.47,117.93,Delivered,5,May,2025
O01280,C0086,P038,2025-07-01,3,0.1,1183.36,807.45,375.91,Cancelled,7,July,2025
O01281,C0234,P003,2025-10-13,2,0.15,244.46,208.98,35.48,Delivered,10,October,2025
O01282,C0090,P030,2025-09-07,7,0.1,3828.13,2646.07,1182.06,Delivered,9,September,2025
O01283,C0054,P001,2025-12-20,9,0.15,1806.47,1295.91,510.56,Delivered,12,December,2025
O01284,C0012,P030,2025-11-10,4,0.1,2187.5,1512.04,675.46,Delivered,11,November,2025
O01285,C0209,P045,2025-07-15,12,0.0,6572.88,4454.28,2118.6,Delivered,7,July,2025
O01286,C0014,P032,2025-11-19,5,0.0,527.4,389.15,138.25,Delivered,11,November,2025
O01287,C0121,P028,2025-03-12,3,0.15,517.01,519.81,-2.8,Delivered,3,March,2025
O01288,C0020,P021,2025-09-05,11,0.15,5074.71,4061.2,1013.51,Delivered,9,September,2025
O01289,C0075,P046,2025-05-26,9,0.2,2882.59,2769.39,113.2,Delivered,5,May,2025
O01290,C0243,P013,2025-04-16,14,0.0,4897.9,3212.72,1685.18,Delivered,4,April,2025
O01291,C0223,P027,2025-09-20,4,0.25,957.96,800.12,157.84,Delivered,9,September,2025
O01292,C0070,P036,2025-10-23,5,0.0,326.6,266.3,60.3,Delivered,10,October,2025
O01293,C0211,P007,2025-03-11,1,0.0,185.84,128.02,57.82,Delivered,3,March,2025
O01294,C0101,P022,2025-07-12,11,0.25,1853.36,1465.42,387.94,Delivered,7,July,2025
O01295,C0186,P010,2025-03-09,12,0.05,2323.66,1772.04,551.62,Delivered,3,March,2025
O01296,C0132,P039,2025-11-01,15,0.15,6051.53,5741.7,309.83,Delivered,11,November,2025
O01297,C0111,P015,2025-02-21,13,0.0,1047.8,611.39,436.41,Delivered,2,February,2025
O01298,C0132,P015,2025-12-29,2,0.1,145.08,94.06,51.02,Delivered,12,December,2025
O01299,C0020,P004,2025-10-12,12,0.2,2227.87,1950.72,277.15,Delivered,10,October,2025
O01300,C0024,P032,2025-11-30,13,0.05,1302.68,1011.79,290.89,Delivered,11,November,2025
O01301,C0227,P023,2025-01-09,9,0.15,3906.93,2831.76,1075.17,Delivered,1,January,2025
O01302,C0154,P006,2025-09-08,2,0.0,769.64,481.46,288.18,Delivered,9,September,2025
O01303,C0293,P024,2025-11-28,5,0.1,1943.96,1740.5,203.46,Delivered,11,November,2025
O01304,C0230,P020,2025-10-25,13,0.05,3045.14,2106.0,939.14,Delivered,10,October,2025
O01305,C0202,P037,2025-07-03,8,0.0,3776.16,2719.84,1056.32,Delivered,7,July,2025
O01306,C0038,P020,2025-06-28,3,0.05,702.72,486.0,216.72,Delivered,6,June,2025
O01307,C0260,P012,2025-07-17,6,0.0,920.82,543.6,377.22,Delivered,7,July,2025
O01308,C0188,P033,2025-05-08,4,0.2,1764.29,1342.48,421.81,Cancelled,5,May,2025
O01309,C0057,P028,2025-01-20,11,0.05,2118.74,1905.97,212.77,Delivered,1,January,2025
O01310,C0020,P008,2025-11-24,7,0.0,666.19,516.67,149.52,Returned,11,November,2025
O01311,C0273,P001,2025-03-06,10,0.1,2125.26,1439.9,685.36,Delivered,3,March,2025
O01312,C0119,P037,2025-07-01,14,0.05,6277.87,4759.72,1518.15,Delivered,7,July,2025
O01313,C0071,P022,2025-08-29,13,0.15,2482.38,1731.86,750.52,Cancelled,8,August,2025
O01314,C0004,P006,2025-01-24,3,0.25,865.84,722.19,143.65,Delivered,1,January,2025
O01315,C0221,P021,2025-03-24,6,0.1,2930.85,2215.2,715.65,Delivered,3,March,2025
O01316,C0014,P032,2025-11-15,15,0.2,1265.76,1167.45,98.31,Delivered,11,November,2025
O01317,C0003,P035,2025-07-04,12,0.1,1826.71,1224.24,602.47,Delivered,7,July,2025
O01318,C0216,P015,2025-11-12,15,0.0,1209.0,705.45,503.55,Delivered,11,November,2025
O01319,C0229,P005,2025-04-09,10,0.15,2328.15,2058.1,270.05,Delivered,4,April,2025
O01320,C0186,P046,2025-03-03,9,0.1,3242.92,2769.39,473.53,Delivered,3,March,2025
O01321,C0055,P050,2025-10-13,11,0.15,2689.9,2109.69,580.21,Delivered,10,October,2025
O01322,C0254,P048,2025-01-22,10,0.2,1787.76,1775.0,12.76,Delivered,1,January,2025
O01323,C0024,P006,2025-07-31,1,0.1,346.34,240.73,105.61,Delivered,7,July,2025
O01324,C0162,P025,2025-05-06,3,0.2,892.56,834.45,58.11,Delivered,5,May,2025
O01325,C0158,P046,2025-02-11,2,0.15,680.61,615.42,65.19,Delivered,2,February,2025
O01326,C0082,P040,2025-04-08,8,0.1,782.42,675.2,107.22,Delivered,4,April,2025
O01327,C0159,P029,2025-01-31,7,0.1,3948.15,2940.35,1007.8,Delivered,1,January,2025
O01328,C0188,P007,2025-06-07,2,0.05,353.1,256.04,97.06,Delivered,6,June,2025
O01329,C0060,P040,2025-04-22,6,0.25,489.02,506.4,-17.38,Delivered,4,April,2025
O01330,C0211,P013,2025-09-04,15,0.15,4460.59,3442.2,1018.39,Delivered,9,September,2025
O01331,C0152,P038,2025-05-02,3,0.0,1314.84,807.45,507.39,Delivered,5,May,2025
O01332,C0109,P018,2025-09-30,8,0.05,486.86,415.44,71.42,Cancelled,9,September,2025
O01333,C0076,P002,2025-10-21,10,0.1,4478.31,3520.3,958.01,Delivered,10,October,2025
O01334,C0030,P008,2025-07-26,13,0.0,1237.21,959.53,277.68,Delivered,7,July,2025
O01335,C0117,P011,2025-04-20,3,0.0,1204.65,816.09,388.56,Delivered,4,April,2025
O01336,C0192,P033,2025-10-05,10,0.1,4962.06,3356.2,1605.86,Delivered,10,October,2025
O01337,C0019,P038,2025-02-25,14,0.05,5829.12,3768.1,2061.02,Delivered,2,February,2025
O01338,C0173,P048,2025-02-26,9,0.1,1810.11,1597.5,212.61,Delivered,2,February,2025
O01339,C0228,P027,2025-10-18,1,0.05,303.35,200.03,103.32,Delivered,10,October,2025
O01340,C0183,P020,2025-04-24,5,0.0,1232.85,810.0,422.85,Delivered,4,April,2025
O01341,C0113,P012,2025-11-04,3,0.15,391.35,271.8,119.55,Delivered,11,November,2025
O01342,C0183,P043,2025-12-07,6,0.1,783.54,567.3,216.24,Delivered,12,December,2025
O01343,C0146,P031,2025-07-17,10,0.0,7293.2,4351.4,2941.8,Delivered,7,July,2025
O01344,C0116,P027,2025-11-17,2,0.05,606.71,400.06,206.65,Delivered,11,November,2025
O01345,C0113,P032,2025-06-28,9,0.1,854.39,700.47,153.92,Delivered,6,June,2025
O01346,C0251,P010,2025-08-07,6,0.0,1222.98,886.02,336.96,Delivered,8,August,2025
O01347,C0251,P003,2025-10-04,7,0.0,1006.6,731.43,275.17,Delivered,10,October,2025
O01348,C0118,P045,2025-01-16,5,0.0,2738.7,1855.95,882.75,Delivered,1,January,2025
O01349,C0161,P027,2025-03-02,9,0.15,2442.8,1800.27,642.53,Delivered,3,March,2025
O01350,C0198,P035,2025-02-23,1,0.15,143.77,102.02,41.75,Delivered,2,February,2025
O01351,C0260,P031,2025-06-17,5,0.15,3099.61,2175.7,923.91,Delivered,6,June,2025
O01352,C0148,P015,2025-01-26,11,0.15,753.61,517.33,236.28,Cancelled,1,January,2025
O01353,C0240,P016,2025-12-02,10,0.15,2180.76,1680.6,500.16,Delivered,12,December,2025
O01354,C0047,P013,2025-03-06,11,0.1,3463.52,2524.28,939.24,Delivered,3,March,2025
O01355,C0198,P049,2025-04-10,6,0.1,3641.33,2386.86,1254.47,Delivered,4,April,2025
O01356,C0047,P035,2025-03-15,7,0.0,1183.98,714.14,469.84,Delivered,3,March,2025
O01357,C0078,P011,2025-07-11,12,0.1,4336.74,3264.36,1072.38,Delivered,7,July,2025
O01358,C0124,P021,2025-06-20,4,0.15,1845.35,1476.8,368.55,Delivered,6,June,2025
O01359,C0075,P011,2025-09-30,12,0.1,4336.74,3264.36,1072.38,Delivered,9,September,2025
O01360,C0137,P030,2025-07-06,13,0.05,7504.35,4914.13,2590.22,Delivered,7,July,2025
O01361,C0090,P048,2025-01-23,1,0.05,212.3,177.5,34.8,Delivered,1,January,2025
O01362,C0061,P035,2025-06-30,15,0.1,2283.39,1530.3,753.09,Delivered,6,June,2025
O01363,C0138,P022,2025-11-23,11,0.15,2100.48,1465.42,635.06,Delivered,11,November,2025
O01364,C0050,P038,2025-04-18,8,0.2,2804.99,2153.2,651.79,Delivered,4,April,2025
O01365,C0259,P031,2025-12-01,10,0.05,6928.54,4351.4,2577.14,Delivered,12,December,2025
O01366,C0107,P014,2025-06-11,4,0.15,1042.71,1005.4,37.31,Delivered,6,June,2025
O01367,C0113,P024,2025-10-29,3,0.1,1166.37,1044.3,122.07,Delivered,10,October,2025
O01368,C0254,P050,2025-07-25,12,0.2,2761.82,2301.48,460.34,Delivered,7,July,2025
O01369,C0118,P049,2025-03-19,7,0.1,4248.22,2784.67,1463.55,Delivered,3,March,2025
O01370,C0198,P032,2025-01-16,12,0.1,1139.18,933.96,205.22,Delivered,1,January,2025
O01371,C0051,P036,2025-11-23,2,0.1,117.58,106.52,11.06,Delivered,11,November,2025
O01372,C0245,P032,2025-04-06,8,0.15,717.26,622.64,94.62,Cancelled,4,April,2025
O01373,C0035,P015,2025-05-27,14,0.25,846.3,658.42,187.88,Delivered,5,May,2025
O01374,C0069,P043,2025-01-02,6,0.0,870.6,567.3,303.3,Delivered,1,January,2025
O01375,C0049,P035,2025-01-10,7,0.0,1183.98,714.14,469.84,Delivered,1,January,2025
O01376,C0074,P003,2025-05-05,14,0.2,1610.56,1462.86,147.7,Delivered,5,May,2025
O01377,C0192,P016,2025-03-22,5,0.1,1154.52,840.3,314.22,Delivered,3,March,2025
O01378,C0261,P005,2025-05-20,9,0.1,2218.59,1852.29,366.3,Delivered,5,May,2025
O01379,C0070,P021,2025-11-22,5,0.1,2442.38,1846.0,596.38,Delivered,11,November,2025
O01380,C0090,P010,2025-05-30,11,0.0,2242.13,1624.37,617.76,Delivered,5,May,2025
O01381,C0260,P019,2025-10-15,5,0.15,3081.0,2228.65,852.35,Delivered,10,October,2025
O01382,C0126,P025,2025-12-27,3,0.15,948.34,834.45,113.89,Delivered,12,December,2025
O01383,C0231,P004,2025-12-06,11,0.05,2425.13,1788.16,636.97,Delivered,12,December,2025
O01384,C0295,P029,2025-05-09,1,0.05,595.36,420.05,175.31,Delivered,5,May,2025
O01385,C0129,P019,2025-08-27,2,0.15,1232.4,891.46,340.94,Delivered,8,August,2025
O01386,C0280,P043,2025-02-27,8,0.0,1160.8,756.4,404.4,Returned,2,February,2025
O01387,C0100,P002,2025-07-17,15,0.2,5971.08,5280.45,690.63,Delivered,7,July,2025
O01388,C0297,P010,2025-07-30,1,0.05,193.64,147.67,45.97,Delivered,7,July,2025
O01389,C0182,P043,2025-02-14,7,0.1,914.13,661.85,252.28,Delivered,2,February,2025
O01390,C0174,P025,2025-04-07,14,0.2,4165.28,3894.1,271.18,Delivered,4,April,2025
O01391,C0188,P020,2025-10-06,14,0.15,2934.18,2268.0,666.18,Delivered,10,October,2025
O01392,C0057,P048,2025-01-23,5,0.1,1005.61,887.5,118.11,Delivered,1,January,2025
O01393,C0031,P019,2025-12-01,3,0.15,1848.6,1337.19,511.41,Delivered,12,December,2025
O01394,C0084,P023,2025-02-13,12,0.05,5822.09,3775.68,2046.41,Delivered,2,February,2025
O01395,C0152,P024,2025-01-27,12,0.05,4924.69,4177.2,747.49,Delivered,1,January,2025
O01396,C0036,P011,2025-10-09,15,0.25,4517.44,4080.45,436.99,Delivered,10,October,2025
O01397,C0213,P046,2025-04-07,11,0.15,3743.37,3384.81,358.56,Delivered,4,April,2025
O01398,C0106,P034,2025-02-05,7,0.1,3247.59,2966.53,281.06,Delivered,2,February,2025
O01399,C0220,P028,2025-04-19,9,0.05,1733.51,1559.43,174.08,Delivered,4,April,2025
O01400,C0163,P005,2025-02-24,2,0.0,547.8,411.62,136.18,Delivered,2,February,2025
O01401,C0220,P005,2025-07-11,8,0.0,2191.2,1646.48,544.72,Delivered,7,July,2025
O01402,C0270,P021,2025-08-07,9,0.1,4396.28,3322.8,1073.48,Delivered,8,August,2025
O01403,C0120,P012,2025-07-04,11,0.15,1434.94,996.6,438.34,Delivered,7,July,2025
O01404,C0182,P050,2025-03-10,3,0.1,776.76,575.37,201.39,Delivered,3,March,2025
O01405,C0106,P004,2025-11-13,2,0.15,394.52,325.12,69.4,Delivered,11,November,2025
O01406,C0217,P049,2025-05-10,7,0.0,4720.24,2784.67,1935.57,Delivered,5,May,2025
O01407,C0205,P042,2025-02-24,5,0.05,831.77,553.45,278.32,Delivered,2,February,2025
O01408,C0070,P020,2025-04-07,5,0.0,1232.85,810.0,422.85,Delivered,4,April,2025
O01409,C0044,P038,2025-12-02,10,0.1,3944.52,2691.5,1253.02,Delivered,12,December,2025
O01410,C0228,P025,2025-03-28,5,0.0,1859.5,1390.75,468.75,Delivered,3,March,2025
O01411,C0184,P014,2025-10-21,4,0.25,920.04,1005.4,-85.36,Delivered,10,October,2025
O01412,C0107,P011,2025-04-29,13,0.0,5220.15,3536.39,1683.76,Delivered,4,April,2025
O01413,C0084,P032,2025-07-27,5,0.2,421.92,389.15,32.77,Delivered,7,July,2025
O01414,C0250,P011,2025-11-30,13,0.1,4698.14,3536.39,1161.75,Delivered,11,November,2025
O01415,C0021,P018,2025-06-03,4,0.25,192.18,207.72,-15.54,Delivered,6,June,2025
O01416,C0196,P027,2025-02-04,15,0.1,4310.82,3000.45,1310.37,Delivered,2,February,2025
O01417,C0178,P018,2025-03-20,13,0.2,666.22,675.09,-8.87,Delivered,3,March,2025
O01418,C0007,P023,2025-03-08,6,0.0,3064.26,1887.84,1176.42,Delivered,3,March,2025
O01419,C0070,P011,2025-12-09,4,0.15,1365.27,1088.12,277.15,Delivered,12,December,2025
O01420,C0127,P021,2025-02-03,2,0.2,868.4,738.4,130.0,Delivered,2,February,2025
O01421,C0160,P044,2025-04-07,9,0.0,1336.59,853.29,483.3,Returned,4,April,2025
O01422,C0248,P005,2025-06-18,2,0.0,547.8,411.62,136.18,Delivered,6,June,2025
O01423,C0203,P023,2025-06-18,9,0.1,4136.75,2831.76,1304.99,Delivered,6,June,2025
O01424,C0148,P041,2025-05-31,10,0.2,4597.92,3629.9,968.02,Delivered,5,May,2025
O01425,C0143,P025,2025-03-12,6,0.1,2008.26,1668.9,339.36,Delivered,3,March,2025
O01426,C0199,P041,2025-01-03,9,0.1,4655.39,3266.91,1388.48,Delivered,1,January,2025
O01427,C0154,P010,2025-11-10,9,0.0,1834.47,1329.03,505.44,Delivered,11,November,2025
O01428,C0142,P022,2025-02-01,3,0.0,673.95,399.66,274.29,Delivered,2,February,2025
O01429,C0165,P019,2025-10-14,1,0.15,616.2,445.73,170.47,Delivered,10,October,2025
O01430,C0021,P001,2025-03-23,1,0.0,236.14,143.99,92.15,Delivered,3,March,2025
O01431,C0082,P007,2025-02-12,3,0.1,501.77,384.06,117.71,Delivered,2,February,2025
O01432,C0069,P004,2025-04-15,5,0.2,928.28,812.8,115.48,Delivered,4,April,2025
O01433,C0131,P001,2025-01-01,13,0.0,3069.82,1871.87,1197.95,Delivered,1,January,2025
O01434,C0087,P015,2025-03-02,3,0.15,205.53,141.09,64.44,Delivered,3,March,2025
O01435,C0218,P040,2025-09-27,12,0.0,1304.04,1012.8,291.24,Delivered,9,September,2025
O01436,C0161,P012,2025-06-29,9,0.1,1243.11,815.4,427.71,Delivered,6,June,2025
O01437,C0178,P022,2025-08-12,9,0.0,2021.85,1198.98,822.87,Delivered,8,August,2025
O01438,C0117,P022,2025-01-06,3,0.15,572.86,399.66,173.2,Delivered,1,January,2025
O01439,C0196,P050,2025-04-13,3,0.05,819.92,575.37,244.55,Delivered,4,April,2025
O01440,C0086,P047,2025-01-10,12,0.1,3625.45,2967.6,657.85,Delivered,1,January,2025
O01441,C0289,P017,2025-03-12,14,0.1,1397.97,1149.82,248.15,Delivered,3,March,2025
O01442,C0081,P029,2025-03-31,5,0.0,3133.45,2100.25,1033.2,Delivered,3,March,2025
O01443,C0152,P046,2025-08-14,2,0.15,680.61,615.42,65.19,Delivered,8,August,2025
O01444,C0061,P014,2025-06-07,6,0.05,1748.08,1508.1,239.98,Delivered,6,June,2025
O01445,C0061,P050,2025-08-16,7,0.15,1711.76,1342.53,369.23,Cancelled,8,August,2025
O01446,C0028,P020,2025-05-06,13,0.0,3205.41,2106.0,1099.41,Delivered,5,May,2025
O01447,C0043,P050,2025-07-28,9,0.15,2200.83,1726.11,474.72,Delivered,7,July,2025
O01448,C0169,P048,2025-04-07,15,0.0,3352.05,2662.5,689.55,Delivered,4,April,2025
O01449,C0086,P033,2025-03-15,6,0.1,2977.24,2013.72,963.52,Delivered,3,March,2025
O01450,C0177,P043,2025-04-25,3,0.0,435.3,283.65,151.65,Delivered,4,April,2025
O01451,C0017,P015,2025-07-10,12,0.15,822.12,564.36,257.76,Delivered,7,July,2025
O01452,C0098,P012,2025-06-19,5,0.05,728.98,453.0,275.98,Delivered,6,June,2025
O01453,C0198,P040,2025-11-03,4,0.2,347.74,337.6,10.14,Returned,11,November,2025
O01454,C0098,P020,2025-07-23,15,0.2,2958.84,2430.0,528.84,Delivered,7,July,2025
O01455,C0065,P030,2025-02-25,5,0.0,3038.2,1890.05,1148.15,Delivered,2,February,2025
O01456,C0005,P038,2025-07-27,8,0.1,3155.62,2153.2,1002.42,Cancelled,7,July,2025
O01457,C0002,P003,2025-02-10,8,0.0,1150.4,835.92,314.48,Delivered,2,February,2025
O01458,C0022,P028,2025-02-01,6,0.05,1155.68,1039.62,116.06,Returned,2,February,2025
O01459,C0112,P026,2025-01-15,1,0.15,248.91,225.42,23.49,Cancelled,1,January,2025
O01460,C0057,P030,2025-03-03,8,0.15,4131.95,3024.08,1107.87,Cancelled,3,March,2025
O01461,C0066,P013,2025-06-04,8,0.1,2518.92,1835.84,683.08,Delivered,6,June,2025
O01462,C0098,P013,2025-10-11,2,0.05,664.72,458.96,205.76,Delivered,10,October,2025
O01463,C0144,P002,2025-07-28,4,0.05,1890.84,1408.12,482.72,Delivered,7,July,2025
O01464,C0125,P037,2025-11-16,12,0.0,5664.24,4079.76,1584.48,Returned,11,November,2025
O01465,C0167,P049,2025-07-06,2,0.15,1146.34,795.62,350.72,Delivered,7,July,2025
O01466,C0086,P038,2025-05-10,4,0.1,1577.81,1076.6,501.21,Delivered,5,May,2025
O01467,C0076,P002,2025-05-07,12,0.15,5075.42,4224.36,851.06,Delivered,5,May,2025
O01468,C0294,P036,2025-10-19,13,0.0,849.16,692.38,156.78,Delivered,10,October,2025
O01469,C0059,P026,2025-04-24,13,0.05,3616.57,2930.46,686.11,Delivered,4,April,2025
O01470,C0138,P011,2025-07-18,10,0.05,3814.72,2720.3,1094.42,Delivered,7,July,2025
O01471,C0099,P008,2025-01-13,7,0.0,666.19,516.67,149.52,Delivered,1,January,2025
O01472,C0192,P044,2025-09-28,9,0.05,1269.76,853.29,416.47,Delivered,9,September,2025
O01473,C0243,P040,2025-03-30,14,0.15,1293.17,1181.6,111.57,Returned,3,March,2025
O01474,C0049,P043,2025-08-03,14,0.2,1625.12,1323.7,301.42,Delivered,8,August,2025
O01475,C0032,P022,2025-10-05,8,0.1,1617.48,1065.76,551.72,Delivered,10,October,2025
O01476,C0277,P020,2025-07-22,15,0.1,3328.7,2430.0,898.7,Delivered,7,July,2025
O01477,C0020,P008,2025-03-15,12,0.0,1142.04,885.72,256.32,Delivered,3,March,2025
O01478,C0154,P029,2025-01-25,9,0.2,4512.17,3780.45,731.72,Delivered,1,January,2025
O01479,C0068,P040,2025-04-11,8,0.0,869.36,675.2,194.16,Cancelled,4,April,2025
O01480,C0214,P026,2025-06-25,2,0.2,468.54,450.84,17.7,Delivered,6,June,2025
O01481,C0143,P030,2025-04-27,7,0.1,3828.13,2646.07,1182.06,Delivered,4,April,2025
O01482,C0232,P017,2025-06-15,2,0.05,210.8,164.26,46.54,Delivered,6,June,2025
O01483,C0213,P020,2025-02-10,13,0.2,2564.33,2106.0,458.33,Delivered,2,February,2025
O01484,C0079,P016,2025-12-10,12,0.0,3078.72,2016.72,1062.0,Delivered,12,December,2025
O01485,C0214,P046,2025-04-30,11,0.1,3963.56,3384.81,578.75,Delivered,4,April,2025
O01486,C0116,P043,2025-04-07,2,0.1,261.18,189.1,72.08,Delivered,4,April,2025
O01487,C0092,P007,2025-05-25,15,0.0,2787.6,1920.3,867.3,Delivered,5,May,2025
O01488,C0270,P016,2025-08-04,4,0.1,923.62,672.24,251.38,Delivered,8,August,2025
O01489,C0168,P045,2025-08-17,1,0.15,465.58,371.19,94.39,Delivered,8,August,2025
O01490,C0058,P047,2025-11-09,15,0.15,4280.05,3709.5,570.55,Delivered,11,November,2025
O01491,C0284,P048,2025-05-10,5,0.0,1117.35,887.5,229.85,Delivered,5,May,2025
O01492,C0026,P027,2025-12-18,6,0.2,1532.74,1200.18,332.56,Cancelled,12,December,2025
O01493,C0066,P023,2025-11-14,9,0.0,4596.39,2831.76,1764.63,Delivered,11,November,2025
O01494,C0248,P024,2025-05-17,10,0.0,4319.9,3481.0,838.9,Delivered,5,May,2025
O01495,C0254,P009,2025-11-20,8,0.05,3653.7,2276.08,1377.62,Cancelled,11,November,2025
O01496,C0044,P035,2025-12-03,2,0.0,338.28,204.04,134.24,Delivered,12,December,2025
O01497,C0097,P020,2025-09-30,1,0.0,246.57,162.0,84.57,Delivered,9,September,2025
O01498,C0042,P037,2025-04-27,2,0.25,708.03,679.96,28.07,Delivered,4,April,2025
O01499,C0227,P042,2025-11-02,7,0.05,1164.48,774.83,389.65,Delivered,11,November,2025
O01500,C0262,P017,2025-04-04,4,0.0,443.8,328.52,115.28,Delivered,4,April,2025
O01501,C0167,P047,2025-06-17,10,0.0,3356.9,2473.0,883.9,Delivered,6,June,2025
O01502,C0279,P031,2025-07-22,5,0.15,3099.61,2175.7,923.91,Delivered,7,July,2025
O01503,C0089,P008,2025-12-07,12,0.2,913.63,885.72,27.91,Delivered,12,December,2025
O01504,C0178,P015,2025-05-29,7,0.05,535.99,329.21,206.78,Returned,5,May,2025
O01505,C0197,P031,2025-07-02,3,0.0,2187.96,1305.42,882.54,Delivered,7,July,2025
O01506,C0267,P030,2025-06-01,10,0.0,6076.4,3780.1,2296.3,Delivered,6,June,2025
O01507,C0268,P046,2025-03-15,2,0.0,800.72,615.42,185.3,Delivered,3,March,2025
O01508,C0074,P020,2025-12-31,13,0.0,3205.41,2106.0,1099.41,Delivered,12,December,2025
O01509,C0008,P039,2025-10-01,7,0.1,2990.17,2679.46,310.71,Delivered,10,October,2025
O01510,C0297,P012,2025-02-11,5,0.0,767.35,453.0,314.35,Cancelled,2,February,2025
O01511,C0164,P049,2025-07-31,14,0.1,8496.43,5569.34,2927.09,Delivered,7,July,2025
O01512,C0085,P017,2025-04-11,15,0.05,1581.04,1231.95,349.09,Delivered,4,April,2025
O01513,C0072,P042,2025-02-14,1,0.2,140.09,110.69,29.4,Delivered,2,February,2025
O01514,C0055,P030,2025-03-23,1,0.2,486.11,378.01,108.1,Delivered,3,March,2025
O01515,C0047,P029,2025-01-17,9,0.1,5076.19,3780.45,1295.74,Delivered,1,January,2025
O01516,C0238,P019,2025-03-14,5,0.05,3443.46,2228.65,1214.81,Delivered,3,March,2025
O01517,C0104,P046,2025-01-14,1,0.05,380.34,307.71,72.63,Delivered,1,January,2025
O01518,C0210,P011,2025-06-06,7,0.1,2529.76,1904.21,625.55,Delivered,6,June,2025
O01519,C0042,P034,2025-08-11,9,0.15,3943.5,3814.11,129.39,Delivered,8,August,2025
O01520,C0268,P050,2025-05-12,11,0.1,2848.13,2109.69,738.44,Delivered,5,May,2025
O01521,C0263,P007,2025-12-04,1,0.2,148.67,128.02,20.65,Delivered,12,December,2025
O01522,C0259,P044,2025-02-16,10,0.2,1188.08,948.1,239.98,Delivered,2,February,2025
O01523,C0283,P034,2025-04-17,14,0.05,6856.02,5933.06,922.96,Delivered,4,April,2025
O01524,C0114,P020,2025-04-18,13,0.1,2884.87,2106.0,778.87,Delivered,4,April,2025
O01525,C0040,P050,2025-09-22,4,0.0,1150.76,767.16,383.6,Delivered,9,September,2025
O01526,C0220,P038,2025-07-24,14,0.0,6135.92,3768.1,2367.82,Delivered,7,July,2025
O01527,C0129,P024,2025-03-20,3,0.1,1166.37,1044.3,122.07,Cancelled,3,March,2025
O01528,C0008,P010,2025-06-04,5,0.0,1019.15,738.35,280.8,Delivered,6,June,2025
O01529,C0101,P032,2025-09-28,7,0.2,590.69,544.81,45.88,Returned,9,September,2025
O01530,C0176,P015,2025-09-04,8,0.0,644.8,376.24,268.56,Delivered,9,September,2025
O01531,C0107,P037,2025-01-19,13,0.1,5522.63,4419.74,1102.89,Delivered,1,January,2025
O01532,C0101,P020,2025-12-12,2,0.1,443.83,324.0,119.83,Cancelled,12,December,2025
O01533,C0260,P003,2025-01-26,7,0.15,855.61,731.43,124.18,Delivered,1,January,2025
O01534,C0246,P037,2025-08-05,14,0.05,6277.87,4759.72,1518.15,Delivered,8,August,2025
O01535,C0275,P040,2025-06-03,14,0.2,1217.1,1181.6,35.5,Delivered,6,June,2025
O01536,C0032,P008,2025-06-03,1,0.1,85.65,73.81,11.84,Delivered,6,June,2025
O01537,C0137,P040,2025-06-23,7,0.1,684.62,590.8,93.82,Returned,6,June,2025
O01538,C0012,P044,2025-04-02,8,0.0,1188.08,758.48,429.6,Delivered,4,April,2025
O01539,C0016,P023,2025-12-04,2,0.1,919.28,629.28,290.0,Delivered,12,December,2025
O01540,C0129,P040,2025-06-30,9,0.15,831.33,759.6,71.73,Delivered,6,June,2025
O01541,C0063,P011,2025-05-11,1,0.1,361.4,272.03,89.37,Delivered,5,May,2025
O01542,C0109,P046,2025-10-25,13,0.15,4423.98,4000.23,423.75,Delivered,10,October,2025
O01543,C0021,P008,2025-10-02,6,0.1,513.92,442.86,71.06,Delivered,10,October,2025
O01544,C0158,P029,2025-09-30,1,0.0,626.69,420.05,206.64,Delivered,9,September,2025
O01545,C0269,P030,2025-03-17,3,0.0,1822.92,1134.03,688.89,Delivered,3,March,2025
O01546,C0162,P010,2025-06-26,11,0.05,2130.02,1624.37,505.65,Delivered,6,June,2025
O01547,C0260,P039,2025-07-03,6,0.15,2420.61,2296.68,123.93,Returned,7,July,2025
O01548,C0102,P028,2025-11-15,3,0.15,517.01,519.81,-2.8,Delivered,11,November,2025
O01549,C0223,P049,2025-05-11,8,0.05,5124.83,3182.48,1942.35,Delivered,5,May,2025
O01550,C0059,P036,2025-12-29,5,0.1,293.94,266.3,27.64,Delivered,12,December,2025
O01551,C0247,P013,2025-02-18,2,0.1,629.73,458.96,170.77,Delivered,2,February,2025
O01552,C0128,P032,2025-02-24,4,0.1,379.73,311.32,68.41,Delivered,2,February,2025
O01553,C0283,P036,2025-06-03,9,0.0,587.88,479.34,108.54,Delivered,6,June,2025
O01554,C0025,P037,2025-12-21,4,0.0,1888.08,1359.92,528.16,Delivered,12,December,2025
O01555,C0131,P026,2025-07-19,10,0.0,2928.4,2254.2,674.2,Delivered,7,July,2025
O01556,C0196,P022,2025-11-04,10,0.0,2246.5,1332.2,914.3,Delivered,11,November,2025
O01557,C0281,P004,2025-12-22,8,0.0,1856.56,1300.48,556.08,Delivered,12,December,2025
O01558,C0154,P031,2025-04-28,5,0.0,3646.6,2175.7,1470.9,Cancelled,4,April,2025
O01559,C0133,P018,2025-09-20,11,0.1,634.19,571.23,62.96,Delivered,9,September,2025
O01560,C0227,P038,2025-02-15,11,0.05,4580.03,2960.65,1619.38,Delivered,2,February,2025
O01561,C0189,P024,2025-10-29,10,0.25,3239.92,3481.0,-241.08,Delivered,10,October,2025
O01562,C0265,P023,2025-12-22,13,0.0,6639.23,4090.32,2548.91,Delivered,12,December,2025
O01563,C0134,P022,2025-07-08,13,0.05,2774.43,1731.86,1042.57,Delivered,7,July,2025
O01564,C0211,P002,2025-11-06,14,0.05,6617.95,4928.42,1689.53,Cancelled,11,November,2025
O01565,C0060,P031,2025-11-14,15,0.0,10939.8,6527.1,4412.7,Delivered,11,November,2025
O01566,C0213,P011,2025-05-09,1,0.15,341.32,272.03,69.29,Delivered,5,May,2025
O01567,C0216,P028,2025-02-18,7,0.0,1419.25,1212.89,206.36,Delivered,2,February,2025
O01568,C0226,P046,2025-01-25,3,0.2,960.86,923.13,37.73,Delivered,1,January,2025
O01569,C0131,P032,2025-09-23,10,0.2,843.84,778.3,65.54,Delivered,9,September,2025
O01570,C0076,P005,2025-04-28,8,0.1,1972.08,1646.48,325.6,Delivered,4,April,2025
O01571,C0286,P038,2025-05-24,14,0.1,5522.33,3768.1,1754.23,Delivered,5,May,2025
O01572,C0277,P010,2025-07-19,12,0.15,2079.07,1772.04,307.03,Delivered,7,July,2025
O01573,C0156,P040,2025-06-06,3,0.05,309.71,253.2,56.51,Delivered,6,June,2025
O01574,C0248,P046,2025-12-14,1,0.1,360.32,307.71,52.61,Delivered,12,December,2025
O01575,C0218,P024,2025-05-14,5,0.0,2159.95,1740.5,419.45,Delivered,5,May,2025
O01576,C0190,P035,2025-05-28,2,0.0,338.28,204.04,134.24,Delivered,5,May,2025
O01577,C0163,P044,2025-12-02,11,0.1,1470.25,1042.91,427.34,Delivered,12,December,2025
O01578,C0180,P048,2025-03-12,4,0.1,804.49,710.0,94.49,Delivered,3,March,2025
O01579,C0034,P023,2025-08-21,1,0.2,408.57,314.64,93.93,Cancelled,8,August,2025
O01580,C0041,P017,2025-11-30,9,0.0,998.55,739.17,259.38,Delivered,11,November,2025
O01581,C0075,P001,2025-10-26,6,0.15,1204.31,863.94,340.37,Delivered,10,October,2025
O01582,C0279,P031,2025-06-03,8,0.0,5834.56,3481.12,2353.44,Cancelled,6,June,2025
O01583,C0176,P031,2025-03-31,11,0.05,7621.39,4786.54,2834.85,Delivered,3,March,2025
O01584,C0150,P042,2025-11-30,4,0.05,665.42,442.76,222.66,Delivered,11,November,2025
O01585,C0273,P042,2025-07-18,9,0.1,1418.39,996.21,422.18,Delivered,7,July,2025
O01586,C0108,P034,2025-06-10,2,0.0,1030.98,847.58,183.4,Delivered,6,June,2025
O01587,C0139,P009,2025-01-26,9,0.1,3894.08,2560.59,1333.49,Delivered,1,January,2025
O01588,C0271,P022,2025-05-01,12,0.15,2291.43,1598.64,692.79,Delivered,5,May,2025
O01589,C0289,P013,2025-10-28,5,0.1,1574.32,1147.4,426.92,Delivered,10,October,2025
O01590,C0212,P025,2025-07-31,13,0.1,4351.23,3615.95,735.28,Delivered,7,July,2025
O01591,C0272,P048,2025-03-04,6,0.15,1139.7,1065.0,74.7,Delivered,3,March,2025
O01592,C0066,P018,2025-03-09,3,0.15,163.35,155.79,7.56,Delivered,3,March,2025
O01593,C0248,P012,2025-09-10,4,0.1,552.49,362.4,190.09,Delivered,9,September,2025
O01594,C0156,P040,2025-01-02,6,0.05,619.42,506.4,113.02,Delivered,1,January,2025
O01595,C0047,P017,2025-04-18,7,0.2,621.32,574.91,46.41,Delivered,4,April,2025
O01596,C0201,P015,2025-10-13,1,0.1,72.54,47.03,25.51,Delivered,10,October,2025
O01597,C0148,P042,2025-02-18,7,0.0,1225.77,774.83,450.94,Delivered,2,February,2025
O01598,C0124,P015,2025-05-20,1,0.05,76.57,47.03,29.54,Delivered,5,May,2025
O01599,C0001,P015,2025-08-06,5,0.15,342.55,235.15,107.4,Delivered,8,August,2025
O01600,C0247,P039,2025-02-13,6,0.0,2847.78,2296.68,551.1,Cancelled,2,February,2025
O01601,C0128,P013,2025-09-26,13,0.25,3411.04,2983.24,427.8,Delivered,9,September,2025
O01602,C0191,P017,2025-03-19,2,0.0,221.9,164.26,57.64,Delivered,3,March,2025
O01603,C0067,P032,2025-08-04,15,0.15,1344.87,1167.45,177.42,Delivered,8,August,2025
O01604,C0004,P009,2025-04-08,15,0.05,6850.69,4267.65,2583.04,Delivered,4,April,2025
O01605,C0294,P040,2025-08-24,13,0.1,1271.44,1097.2,174.24,Delivered,8,August,2025
O01606,C0143,P020,2025-10-09,10,0.2,1972.56,1620.0,352.56,Delivered,10,October,2025
O01607,C0191,P026,2025-05-29,9,0.1,2372.0,2028.78,343.22,Cancelled,5,May,2025
O01608,C0021,P027,2025-10-31,14,0.1,4023.43,2800.42,1223.01,Delivered,10,October,2025
O01609,C0227,P021,2025-03-07,10,0.0,5427.5,3692.0,1735.5,Delivered,3,March,2025
O01610,C0117,P018,2025-08-22,6,0.0,384.36,311.58,72.78,Delivered,8,August,2025
O01611,C0142,P013,2025-03-28,7,0.0,2448.95,1606.36,842.59,Cancelled,3,March,2025
O01612,C0039,P016,2025-03-20,14,0.15,3053.06,2352.84,700.22,Delivered,3,March,2025
O01613,C0252,P009,2025-07-24,15,0.0,7211.25,4267.65,2943.6,Delivered,7,July,2025
O01614,C0207,P012,2025-10-06,10,0.0,1534.7,906.0,628.7,Delivered,10,October,2025
O01615,C0210,P044,2025-12-03,15,0.1,2004.88,1422.15,582.73,Delivered,12,December,2025
O01616,C0115,P038,2025-09-11,8,0.1,3155.62,2153.2,1002.42,Delivered,9,September,2025
O01617,C0225,P019,2025-10-31,11,0.15,6778.19,4903.03,1875.16,Delivered,10,October,2025
O01618,C0134,P007,2025-05-10,15,0.0,2787.6,1920.3,867.3,Delivered,5,May,2025
O01619,C0251,P035,2025-03-25,13,0.0,2198.82,1326.26,872.56,Delivered,3,March,2025
O01620,C0219,P048,2025-10-03,10,0.2,1787.76,1775.0,12.76,Delivered,10,October,2025
O01621,C0091,P018,2025-07-06,1,0.05,60.86,51.93,8.93,Delivered,7,July,2025
O01622,C0046,P016,2025-02-15,14,0.2,2873.47,2352.84,520.63,Delivered,2,February,2025
O01623,C0038,P039,2025-07-02,8,0.2,3037.63,3062.24,-24.61,Returned,7,July,2025
O01624,C0142,P004,2025-09-25,4,0.15,789.04,650.24,138.8,Delivered,9,September,2025
O01625,C0100,P025,2025-10-23,10,0.0,3719.0,2781.5,937.5,Cancelled,10,October,2025
O01626,C0190,P032,2025-11-18,8,0.15,717.26,622.64,94.62,Delivered,11,November,2025
O01627,C0035,P040,2025-04-10,13,0.15,1200.8,1097.2,103.6,Delivered,4,April,2025
O01628,C0147,P013,2025-03-19,15,0.1,4722.98,3442.2,1280.78,Delivered,3,March,2025
O01629,C0030,P045,2025-09-29,6,0.05,3122.12,2227.14,894.98,Delivered,9,September,2025
O01630,C0084,P017,2025-12-05,11,0.05,1159.43,903.43,256.0,Delivered,12,December,2025
O01631,C0281,P049,2025-06-11,9,0.0,6068.88,3580.29,2488.59,Delivered,6,June,2025
O01632,C0270,P037,2025-02-13,11,0.1,4673.0,3739.78,933.22,Delivered,2,February,2025
O01633,C0154,P006,2025-08-26,4,0.1,1385.35,962.92,422.43,Delivered,8,August,2025
O01634,C0102,P019,2025-05-14,2,0.05,1377.39,891.46,485.93,Delivered,5,May,2025
O01635,C0215,P013,2025-07-11,14,0.1,4408.11,3212.72,1195.39,Delivered,7,July,2025
O01636,C0150,P026,2025-12-22,2,0.05,556.4,450.84,105.56,Cancelled,12,December,2025
O01637,C0083,P014,2025-10-05,5,0.1,1380.06,1256.75,123.31,Delivered,10,October,2025
O01638,C0110,P031,2025-01-18,10,0.2,5834.56,4351.4,1483.16,Delivered,1,January,2025
O01639,C0275,P004,2025-01-12,9,0.0,2088.63,1463.04,625.59,Delivered,1,January,2025
O01640,C0201,P039,2025-06-29,12,0.05,5410.78,4593.36,817.42,Delivered,6,June,2025
O01641,C0284,P008,2025-05-03,3,0.0,285.51,221.43,64.08,Delivered,5,May,2025
O01642,C0173,P025,2025-09-03,8,0.1,2677.68,2225.2,452.48,Delivered,9,September,2025
O01643,C0206,P013,2025-08-10,4,0.15,1189.49,917.92,271.57,Delivered,8,August,2025
O01644,C0063,P032,2025-02-20,6,0.2,506.3,466.98,39.32,Delivered,2,February,2025
O01645,C0073,P038,2025-03-12,10,0.05,4163.66,2691.5,1472.16,Delivered,3,March,2025
O01646,C0251,P038,2025-02-17,6,0.25,1972.26,1614.9,357.36,Delivered,2,February,2025
O01647,C0124,P028,2025-01-19,3,0.0,608.25,519.81,88.44,Delivered,1,January,2025
O01648,C0121,P030,2025-09-19,14,0.1,7656.26,5292.14,2364.12,Delivered,9,September,2025
O01649,C0275,P003,2025-03-25,5,0.0,719.0,522.45,196.55,Delivered,3,March,2025
O01650,C0120,P028,2025-06-04,12,0.2,1946.4,2079.24,-132.84,Delivered,6,June,2025
O01651,C0164,P003,2025-02-22,3,0.1,388.26,313.47,74.79,Delivered,2,February,2025
O01652,C0286,P045,2025-04-17,11,0.15,5121.37,4083.09,1038.28,Delivered,4,April,2025
O01653,C0265,P034,2025-12-23,15,0.15,6572.5,6356.85,215.65,Delivered,12,December,2025
O01654,C0161,P016,2025-10-31,11,0.0,2822.16,1848.66,973.5,Delivered,10,October,2025
O01655,C0089,P022,2025-05-15,15,0.0,3369.75,1998.3,1371.45,Delivered,5,May,2025
O01656,C0142,P032,2025-03-10,1,0.2,84.38,77.83,6.55,Delivered,3,March,2025
O01657,C0203,P038,2025-01-11,7,0.05,2914.56,1884.05,1030.51,Delivered,1,January,2025
O01658,C0227,P008,2025-05-23,4,0.0,380.68,295.24,85.44,Delivered,5,May,2025
O01659,C0222,P008,2025-07-11,14,0.1,1199.14,1033.34,165.8,Delivered,7,July,2025
O01660,C0041,P006,2025-03-10,7,0.1,2424.37,1685.11,739.26,Delivered,3,March,2025
O01661,C0196,P014,2025-01-23,3,0.0,920.04,754.05,165.99,Delivered,1,January,2025
O01662,C0068,P032,2025-06-30,12,0.05,1202.47,933.96,268.51,Delivered,6,June,2025
O01663,C0264,P035,2025-10-20,15,0.0,2537.1,1530.3,1006.8,Delivered,10,October,2025
O01664,C0002,P010,2025-01-09,15,0.1,2751.71,2215.05,536.66,Delivered,1,January,2025
O01665,C0125,P003,2025-09-28,11,0.2,1265.44,1149.39,116.05,Delivered,9,September,2025
O01666,C0110,P012,2025-04-03,5,0.25,575.51,453.0,122.51,Delivered,4,April,2025
O01667,C0086,P049,2025-01-17,5,0.1,3034.44,1989.05,1045.39,Returned,1,January,2025
O01668,C0120,P031,2025-06-03,15,0.0,10939.8,6527.1,4412.7,Cancelled,6,June,2025
O01669,C0127,P029,2025-11-24,13,0.2,6517.58,5460.65,1056.93,Delivered,11,November,2025
O01670,C0255,P005,2025-05-29,2,0.1,493.02,411.62,81.4,Delivered,5,May,2025
O01671,C0183,P025,2025-09-24,11,0.0,4090.9,3059.65,1031.25,Delivered,9,September,2025
O01672,C0016,P041,2025-11-24,10,0.2,4597.92,3629.9,968.02,Delivered,11,November,2025
O01673,C0062,P031,2025-04-16,12,0.15,7439.06,5221.68,2217.38,Delivered,4,April,2025
O01674,C0158,P021,2025-02-04,2,0.15,922.68,738.4,184.28,Cancelled,2,February,2025
O01675,C0268,P020,2025-04-29,4,0.15,838.34,648.0,190.34,Delivered,4,April,2025
O01676,C0035,P039,2025-01-14,15,0.0,7119.45,5741.7,1377.75,Delivered,1,January,2025
O01677,C0267,P022,2025-01-14,4,0.0,898.6,532.88,365.72,Delivered,1,January,2025
O01678,C0064,P004,2025-09-23,4,0.15,789.04,650.24,138.8,Delivered,9,September,2025
O01679,C0050,P013,2025-05-20,6,0.0,2099.1,1376.88,722.22,Cancelled,5,May,2025
O01680,C0255,P045,2025-10-21,2,0.1,985.93,742.38,243.55,Delivered,10,October,2025
O01681,C0149,P042,2025-12-30,6,0.15,893.06,664.14,228.92,Delivered,12,December,2025
O01682,C0276,P050,2025-04-29,7,0.15,1711.76,1342.53,369.23,Delivered,4,April,2025
O01683,C0172,P049,2025-08-26,11,0.1,6675.77,4375.91,2299.86,Delivered,8,August,2025
O01684,C0201,P020,2025-02-03,10,0.15,2095.84,1620.0,475.84,Delivered,2,February,2025
O01685,C0035,P013,2025-06-18,3,0.15,892.12,688.44,203.68,Delivered,6,June,2025
O01686,C0216,P017,2025-01-10,11,0.15,1037.38,903.43,133.95,Delivered,1,January,2025
O01687,C0065,P036,2025-05-02,12,0.0,783.84,639.12,144.72,Delivered,5,May,2025
O01688,C0008,P033,2025-05-25,8,0.05,4190.18,2684.96,1505.22,Delivered,5,May,2025
O01689,C0076,P001,2025-08-11,2,0.05,448.67,287.98,160.69,Delivered,8,August,2025
O01690,C0174,P015,2025-09-14,11,0.0,886.6,517.33,369.27,Delivered,9,September,2025
O01691,C0047,P013,2025-09-25,8,0.05,2658.86,1835.84,823.02,Delivered,9,September,2025
O01692,C0015,P017,2025-12-25,13,0.0,1442.35,1067.69,374.66,Cancelled,12,December,2025
O01693,C0147,P024,2025-01-04,11,0.1,4276.7,3829.1,447.6,Cancelled,1,January,2025
O01694,C0026,P008,2025-12-20,5,0.2,380.68,369.05,11.63,Delivered,12,December,2025
O01695,C0093,P050,2025-04-16,2,0.0,575.38,383.58,191.8,Delivered,4,April,2025
O01696,C0232,P027,2025-03-26,7,0.15,1899.95,1400.21,499.74,Delivered,3,March,2025
O01697,C0021,P045,2025-08-02,14,0.15,6518.11,5196.66,1321.45,Delivered,8,August,2025
O01698,C0038,P023,2025-05-01,2,0.0,1021.42,629.28,392.14,Delivered,5,May,2025
O01699,C0276,P046,2025-05-12,14,0.2,4484.03,4307.94,176.09,Delivered,5,May,2025
O01700,C0157,P008,2025-12-04,6,0.1,513.92,442.86,71.06,Delivered,12,December,2025
O01701,C0179,P008,2025-07-16,10,0.05,904.12,738.1,166.02,Delivered,7,July,2025
O01702,C0132,P026,2025-01-19,3,0.15,746.74,676.26,70.48,Delivered,1,January,2025
O01703,C0028,P047,2025-05-10,9,0.05,2870.15,2225.7,644.45,Delivered,5,May,2025
O01704,C0260,P013,2025-01-12,3,0.15,892.12,688.44,203.68,Delivered,1,January,2025
O01705,C0076,P039,2025-03-22,11,0.0,5220.93,4210.58,1010.35,Delivered,3,March,2025
O01706,C0067,P037,2025-11-26,15,0.15,6018.25,5099.7,918.55,Cancelled,11,November,2025
O01707,C0194,P049,2025-12-20,12,0.1,7282.66,4773.72,2508.94,Delivered,12,December,2025
O01708,C0162,P028,2025-09-19,12,0.1,2189.7,2079.24,110.46,Cancelled,9,September,2025
O01709,C0257,P025,2025-05-05,3,0.0,1115.7,834.45,281.25,Delivered,5,May,2025
O01710,C0072,P016,2025-11-03,5,0.15,1090.38,840.3,250.08,Delivered,11,November,2025
O01711,C0087,P002,2025-09-24,7,0.15,2960.66,2464.21,496.45,Delivered,9,September,2025
O01712,C0262,P018,2025-05-20,14,0.1,807.16,727.02,80.14,Delivered,5,May,2025
O01713,C0214,P017,2025-11-25,8,0.1,798.84,657.04,141.8,Delivered,11,November,2025
O01714,C0153,P030,2025-01-02,12,0.1,6562.51,4536.12,2026.39,Delivered,1,January,2025
O01715,C0210,P039,2025-01-08,11,0.2,4176.74,4210.58,-33.84,Delivered,1,January,2025
O01716,C0061,P013,2025-09-07,7,0.1,2204.06,1606.36,597.7,Delivered,9,September,2025
O01717,C0268,P032,2025-05-19,9,0.15,806.92,700.47,106.45,Delivered,5,May,2025
O01718,C0262,P050,2025-05-04,5,0.15,1222.68,958.95,263.73,Cancelled,5,May,2025
O01719,C0218,P029,2025-11-05,10,0.1,5640.21,4200.5,1439.71,Delivered,11,November,2025
O01720,C0283,P046,2025-08-16,11,0.0,4403.96,3384.81,1019.15,Delivered,8,August,2025
O01721,C0136,P030,2025-01-10,15,0.1,8203.14,5670.15,2532.99,Delivered,1,January,2025
O01722,C0093,P018,2025-07-31,3,0.15,163.35,155.79,7.56,Cancelled,7,July,2025
O01723,C0109,P013,2025-04-22,6,0.0,2099.1,1376.88,722.22,Cancelled,4,April,2025
O01724,C0241,P043,2025-01-08,5,0.1,652.95,472.75,180.2,Delivered,1,January,2025
O01725,C0142,P021,2025-10-19,12,0.15,5536.05,4430.4,1105.65,Delivered,10,October,2025
O01726,C0291,P030,2025-12-28,4,0.05,2309.03,1512.04,796.99,Delivered,12,December,2025
O01727,C0237,P021,2025-09-10,12,0.1,5861.7,4430.4,1431.3,Returned,9,September,2025
O01728,C0177,P048,2025-01-14,2,0.0,446.94,355.0,91.94,Delivered,1,January,2025
O01729,C0141,P017,2025-08-28,7,0.0,776.65,574.91,201.74,Cancelled,8,August,2025
O01730,C0189,P040,2025-08-30,13,0.15,1200.8,1097.2,103.6,Delivered,8,August,2025
O01731,C0049,P019,2025-12-08,5,0.0,3624.7,2228.65,1396.05,Delivered,12,December,2025
O01732,C0190,P015,2025-05-29,4,0.05,306.28,188.12,118.16,Cancelled,5,May,2025
O01733,C0136,P009,2025-08-24,12,0.2,4615.2,3414.12,1201.08,Delivered,8,August,2025
O01734,C0043,P010,2025-11-02,14,0.05,2710.94,2067.38,643.56,Delivered,11,November,2025
O01735,C0090,P044,2025-06-16,8,0.25,891.06,758.48,132.58,Delivered,6,June,2025
O01736,C0295,P031,2025-01-20,9,0.25,4922.91,3916.26,1006.65,Cancelled,1,January,2025
O01737,C0245,P023,2025-08-04,9,0.05,4366.57,2831.76,1534.81,Delivered,8,August,2025
O01738,C0192,P030,2025-12-09,3,0.0,1822.92,1134.03,688.89,Delivered,12,December,2025
O01739,C0106,P033,2025-05-15,3,0.15,1405.92,1006.86,399.06,Delivered,5,May,2025
O01740,C0233,P009,2025-05-09,5,0.1,2163.38,1422.55,740.83,Delivered,5,May,2025
O01741,C0265,P047,2025-10-21,5,0.0,1678.45,1236.5,441.95,Delivered,10,October,2025
O01742,C0037,P001,2025-09-03,10,0.15,2007.19,1439.9,567.29,Delivered,9,September,2025
O01743,C0041,P044,2025-07-08,2,0.0,297.02,189.62,107.4,Delivered,7,July,2025
O01744,C0017,P035,2025-02-13,1,0.2,135.31,102.02,33.29,Delivered,2,February,2025
O01745,C0277,P011,2025-03-27,8,0.0,3212.4,2176.24,1036.16,Returned,3,March,2025
O01746,C0059,P034,2025-02-13,3,0.0,1546.47,1271.37,275.1,Delivered,2,February,2025
O01747,C0183,P016,2025-11-26,1,0.0,256.56,168.06,88.5,Delivered,11,November,2025
O01748,C0041,P009,2025-05-25,1,0.25,360.56,284.51,76.05,Cancelled,5,May,2025
O01749,C0039,P032,2025-02-20,11,0.15,986.24,856.13,130.11,Delivered,2,February,2025
O01750,C0192,P015,2025-08-30,15,0.15,1027.65,705.45,322.2,Delivered,8,August,2025
O01751,C0267,P012,2025-10-21,2,0.05,291.59,181.2,110.39,Delivered,10,October,2025
O01752,C0147,P033,2025-02-20,6,0.05,3142.64,2013.72,1128.92,Delivered,2,February,2025
O01753,C0127,P045,2025-09-23,6,0.0,3286.44,2227.14,1059.3,Delivered,9,September,2025
O01754,C0046,P014,2025-04-30,14,0.1,3864.17,3518.9,345.27,Delivered,4,April,2025
O01755,C0045,P008,2025-07-19,3,0.1,256.96,221.43,35.53,Delivered,7,July,2025
O01756,C0001,P008,2025-09-05,12,0.1,1027.84,885.72,142.12,Delivered,9,September,2025
O01757,C0168,P027,2025-03-11,4,0.05,1213.42,800.12,413.3,Delivered,3,March,2025
O01758,C0108,P012,2025-12-07,12,0.2,1473.31,1087.2,386.11,Delivered,12,December,2025
O01759,C0019,P001,2025-02-26,13,0.0,3069.82,1871.87,1197.95,Delivered,2,February,2025
O01760,C0072,P043,2025-02-08,2,0.25,217.65,189.1,28.55,Delivered,2,February,2025
O01761,C0109,P040,2025-10-16,2,0.0,217.34,168.8,48.54,Delivered,10,October,2025
O01762,C0268,P042,2025-01-18,15,0.1,2363.98,1660.35,703.63,Delivered,1,January,2025
O01763,C0240,P011,2025-08-08,7,0.05,2670.31,1904.21,766.1,Delivered,8,August,2025
O01764,C0090,P039,2025-11-09,13,0.1,5553.17,4976.14,577.03,Delivered,11,November,2025
O01765,C0103,P043,2025-09-01,1,0.1,130.59,94.55,36.04,Cancelled,9,September,2025
O01766,C0250,P031,2025-12-18,7,0.1,4594.72,3045.98,1548.74,Cancelled,12,December,2025
O01767,C0008,P017,2025-10-31,14,0.1,1397.97,1149.82,248.15,Delivered,10,October,2025
O01768,C0153,P033,2025-10-25,12,0.15,5623.67,4027.44,1596.23,Delivered,10,October,2025
O01769,C0174,P032,2025-10-10,14,0.15,1255.21,1089.62,165.59,Delivered,10,October,2025
O01770,C0158,P029,2025-03-15,12,0.15,6392.24,5040.6,1351.64,Returned,3,March,2025
O01771,C0215,P021,2025-04-20,14,0.0,7598.5,5168.8,2429.7,Delivered,4,April,2025
O01772,C0177,P021,2025-06-29,1,0.1,488.48,369.2,119.28,Delivered,6,June,2025
O01773,C0175,P040,2025-02-01,14,0.1,1369.24,1181.6,187.64,Delivered,2,February,2025
O01774,C0146,P023,2025-08-22,6,0.05,2911.05,1887.84,1023.21,Delivered,8,August,2025
O01775,C0161,P006,2025-10-09,3,0.1,1039.01,722.19,316.82,Returned,10,October,2025
O01776,C0127,P022,2025-01-25,8,0.05,1707.34,1065.76,641.58,Delivered,1,January,2025
O01777,C0082,P050,2025-11-27,6,0.0,1726.14,1150.74,575.4,Delivered,11,November,2025
O01778,C0147,P038,2025-10-06,11,0.0,4821.08,2960.65,1860.43,Delivered,10,October,2025
O01779,C0239,P037,2025-08-14,2,0.0,944.04,679.96,264.08,Delivered,8,August,2025
O01780,C0084,P045,2025-02-26,8,0.15,3724.63,2969.52,755.11,Delivered,2,February,2025
O01781,C0113,P008,2025-06-29,5,0.15,404.47,369.05,35.42,Delivered,6,June,2025
O01782,C0225,P041,2025-08-20,8,0.25,3448.44,2903.92,544.52,Delivered,8,August,2025
O01783,C0243,P049,2025-12-09,8,0.15,4585.38,3182.48,1402.9,Delivered,12,December,2025
O01784,C0143,P035,2025-10-14,6,0.0,1014.84,612.12,402.72,Delivered,10,October,2025
O01785,C0041,P011,2025-03-05,2,0.2,642.48,544.06,98.42,Delivered,3,March,2025
O01786,C0258,P024,2025-08-20,8,0.2,2764.74,2784.8,-20.06,Delivered,8,August,2025
O01787,C0285,P049,2025-10-16,15,0.1,9103.32,5967.15,3136.17,Delivered,10,October,2025
O01788,C0105,P021,2025-08-01,15,0.1,7327.12,5538.0,1789.12,Delivered,8,August,2025
O01789,C0202,P002,2025-09-15,11,0.25,4105.12,3872.33,232.79,Delivered,9,September,2025
O01790,C0266,P040,2025-01-18,6,0.1,586.82,506.4,80.42,Delivered,1,January,2025
O01791,C0210,P019,2025-06-24,6,0.2,3479.71,2674.38,805.33,Delivered,6,June,2025
O01792,C0051,P039,2025-08-17,8,0.0,3797.04,3062.24,734.8,Delivered,8,August,2025
O01793,C0118,P028,2025-08-14,1,0.0,202.75,173.27,29.48,Delivered,8,August,2025
O01794,C0201,P017,2025-03-25,2,0.1,199.71,164.26,35.45,Delivered,3,March,2025
O01795,C0039,P006,2025-10-18,12,0.1,4156.06,2888.76,1267.3,Delivered,10,October,2025
O01796,C0028,P019,2025-09-03,12,0.15,7394.39,5348.76,2045.63,Returned,9,September,2025
O01797,C0259,P038,2025-04-20,9,0.25,2958.39,2422.35,536.04,Delivered,4,April,2025
O01798,C0084,P028,2025-09-11,11,0.05,2118.74,1905.97,212.77,Returned,9,September,2025
O01799,C0155,P002,2025-03-29,12,0.0,5971.08,4224.36,1746.72,Delivered,3,March,2025
O01800,C0117,P038,2025-03-13,8,0.15,2980.3,2153.2,827.1,Delivered,3,March,2025
O01801,C0002,P037,2025-01-30,12,0.1,5097.82,4079.76,1018.06,Delivered,1,January,2025
O01802,C0093,P004,2025-06-21,7,0.0,1624.49,1137.92,486.57,Delivered,6,June,2025
O01803,C0166,P022,2025-11-05,7,0.1,1415.3,932.54,482.76,Delivered,11,November,2025
O01804,C0296,P026,2025-12-09,5,0.15,1244.57,1127.1,117.47,Delivered,12,December,2025
O01805,C0258,P049,2025-06-26,2,0.15,1146.34,795.62,350.72,Delivered,6,June,2025
O01806,C0081,P043,2025-05-19,11,0.1,1436.49,1040.05,396.44,Delivered,5,May,2025
O01807,C0268,P036,2025-07-13,6,0.05,372.32,319.56,52.76,Delivered,7,July,2025
O01808,C0235,P013,2025-07-05,10,0.25,2623.88,2294.8,329.08,Delivered,7,July,2025
O01809,C0213,P032,2025-08-06,3,0.15,268.97,233.49,35.48,Delivered,8,August,2025
O01810,C0062,P017,2025-06-13,4,0.1,399.42,328.52,70.9,Delivered,6,June,2025
O01811,C0049,P041,2025-06-10,13,0.05,7098.04,4718.87,2379.17,Delivered,6,June,2025
O01812,C0127,P036,2025-01-13,10,0.15,555.22,532.6,22.62,Delivered,1,January,2025
O01813,C0223,P046,2025-10-23,12,0.0,4804.32,3692.52,1111.8,Delivered,10,October,2025
O01814,C0279,P019,2025-03-30,11,0.0,7974.34,4903.03,3071.31,Delivered,3,March,2025
O01815,C0294,P035,2025-11-20,2,0.1,304.45,204.04,100.41,Delivered,11,November,2025
O01816,C0284,P046,2025-02-11,14,0.05,5324.79,4307.94,1016.85,Delivered,2,February,2025
O01817,C0277,P040,2025-07-29,2,0.1,195.61,168.8,26.81,Delivered,7,July,2025
O01818,C0107,P028,2025-08-17,12,0.0,2433.0,2079.24,353.76,Cancelled,8,August,2025
O01819,C0146,P001,2025-12-16,8,0.15,1605.75,1151.92,453.83,Delivered,12,December,2025
O01820,C0099,P042,2025-10-02,8,0.05,1330.84,885.52,445.32,Delivered,10,October,2025
O01821,C0073,P018,2025-10-06,10,0.0,640.6,519.3,121.3,Delivered,10,October,2025
O01822,C0122,P048,2025-09-08,6,0.0,1340.82,1065.0,275.82,Delivered,9,September,2025
O01823,C0030,P040,2025-11-06,13,0.2,1130.17,1097.2,32.97,Delivered,11,November,2025
O01824,C0188,P033,2025-07-27,5,0.2,2205.36,1678.1,527.26,Delivered,7,July,2025
O01825,C0288,P012,2025-11-17,8,0.0,1227.76,724.8,502.96,Delivered,11,November,2025
O01826,C0195,P008,2025-05-20,4,0.15,323.58,295.24,28.34,Returned,5,May,2025
O01827,C0156,P024,2025-10-07,11,0.1,4276.7,3829.1,447.6,Delivered,10,October,2025
O01828,C0172,P016,2025-02-03,4,0.25,769.68,672.24,97.44,Delivered,2,February,2025
O01829,C0041,P050,2025-11-05,5,0.05,1366.53,958.95,407.58,Delivered,11,November,2025
O01830,C0063,P004,2025-01-18,1,0.15,197.26,162.56,34.7,Delivered,1,January,2025
O01831,C0023,P038,2025-02-26,1,0.0,438.28,269.15,169.13,Delivered,2,February,2025
O01832,C0075,P044,2025-04-22,2,0.05,282.17,189.62,92.55,Delivered,4,April,2025
O01833,C0048,P027,2025-01-05,14,0.25,3352.86,2800.42,552.44,Delivered,1,January,2025
O01834,C0160,P009,2025-07-01,8,0.1,3461.4,2276.08,1185.32,Delivered,7,July,2025
O01835,C0118,P047,2025-01-13,7,0.05,2232.34,1731.1,501.24,Delivered,1,January,2025
O01836,C0100,P016,2025-12-05,15,0.0,3848.4,2520.9,1327.5,Delivered,12,December,2025
O01837,C0167,P012,2025-10-12,15,0.15,1956.74,1359.0,597.74,Delivered,10,October,2025
O01838,C0290,P031,2025-09-16,10,0.1,6563.88,4351.4,2212.48,Cancelled,9,September,2025
O01839,C0156,P024,2025-03-31,9,0.05,3693.51,3132.9,560.61,Delivered,3,March,2025
O01840,C0007,P014,2025-04-14,5,0.25,1150.05,1256.75,-106.7,Delivered,4,April,2025
O01841,C0196,P045,2025-07-05,2,0.0,1095.48,742.38,353.1,Delivered,7,July,2025
O01842,C0056,P025,2025-09-07,7,0.05,2473.13,1947.05,526.08,Delivered,9,September,2025
O01843,C0193,P034,2025-09-12,15,0.2,6185.88,6356.85,-170.97,Delivered,9,September,2025
O01844,C0047,P003,2025-03-17,8,0.05,1092.88,835.92,256.96,Delivered,3,March,2025
O01845,C0148,P024,2025-04-18,12,0.05,4924.69,4177.2,747.49,Delivered,4,April,2025
O01846,C0275,P042,2025-06-05,7,0.1,1103.19,774.83,328.36,Cancelled,6,June,2025
O01847,C0157,P009,2025-03-23,14,0.15,5720.92,3983.14,1737.78,Delivered,3,March,2025
O01848,C0202,P026,2025-03-18,7,0.0,2049.88,1577.94,471.94,Delivered,3,March,2025
O01849,C0126,P020,2025-09-15,12,0.2,2367.07,1944.0,423.07,Delivered,9,September,2025
O01850,C0294,P040,2025-05-07,15,0.15,1385.54,1266.0,119.54,Delivered,5,May,2025
O01851,C0064,P010,2025-10-09,14,0.0,2853.62,2067.38,786.24,Delivered,10,October,2025
O01852,C0176,P019,2025-03-29,5,0.15,3081.0,2228.65,852.35,Delivered,3,March,2025
O01853,C0116,P003,2025-07-23,2,0.05,273.22,208.98,64.24,Delivered,7,July,2025
O01854,C0204,P024,2025-01-16,6,0.1,2332.75,2088.6,244.15,Cancelled,1,January,2025
O01855,C0031,P005,2025-05-31,4,0.15,931.26,823.24,108.02,Delivered,5,May,2025
O01856,C0113,P003,2025-09-11,10,0.25,1078.5,1044.9,33.6,Delivered,9,September,2025
O01857,C0067,P027,2025-07-07,2,0.0,638.64,400.06,238.58,Delivered,7,July,2025
O01858,C0075,P016,2025-11-25,12,0.1,2770.85,2016.72,754.13,Delivered,11,November,2025
O01859,C0045,P049,2025-02-01,9,0.1,5461.99,3580.29,1881.7,Delivered,2,February,2025
O01860,C0260,P015,2025-09-28,7,0.05,535.99,329.21,206.78,Cancelled,9,September,2025
O01861,C0154,P035,2025-01-05,6,0.05,964.1,612.12,351.98,Delivered,1,January,2025
O01862,C0155,P012,2025-11-26,12,0.0,1841.64,1087.2,754.44,Delivered,11,November,2025
O01863,C0234,P041,2025-11-04,5,0.15,2442.64,1814.95,627.69,Delivered,11,November,2025
O01864,C0051,P044,2025-11-29,3,0.1,400.98,284.43,116.55,Delivered,11,November,2025
O01865,C0262,P026,2025-06-18,12,0.0,3514.08,2705.04,809.04,Delivered,6,June,2025
O01866,C0125,P047,2025-06-30,15,0.15,4280.05,3709.5,570.55,Delivered,6,June,2025
O01867,C0245,P034,2025-06-27,15,0.15,6572.5,6356.85,215.65,Delivered,6,June,2025
O01868,C0030,P023,2025-05-23,10,0.1,4596.39,3146.4,1449.99,Delivered,5,May,2025
O01869,C0122,P031,2025-12-28,10,0.05,6928.54,4351.4,2577.14,Delivered,12,December,2025
O01870,C0125,P050,2025-09-05,4,0.1,1035.68,767.16,268.52,Delivered,9,September,2025
O01871,C0037,P020,2025-05-07,3,0.05,702.72,486.0,216.72,Delivered,5,May,2025
O01872,C0170,P012,2025-09-20,12,0.0,1841.64,1087.2,754.44,Delivered,9,September,2025
O01873,C0124,P023,2025-02-09,11,0.15,4775.14,3461.04,1314.1,Delivered,2,February,2025
O01874,C0035,P004,2025-12-21,8,0.0,1856.56,1300.48,556.08,Delivered,12,December,2025
O01875,C0087,P023,2025-09-12,3,0.0,1532.13,943.92,588.21,Delivered,9,September,2025
O01876,C0134,P048,2025-05-23,7,0.0,1564.29,1242.5,321.79,Delivered,5,May,2025
O01877,C0196,P048,2025-08-28,7,0.0,1564.29,1242.5,321.79,Delivered,8,August,2025
O01878,C0274,P001,2025-08-16,7,0.0,1652.98,1007.93,645.05,Delivered,8,August,2025
O01879,C0201,P025,2025-12-07,13,0.25,3626.02,3615.95,10.07,Delivered,12,December,2025
O01880,C0285,P002,2025-07-17,7,0.05,3308.97,2464.21,844.76,Delivered,7,July,2025
O01881,C0077,P030,2025-03-06,14,0.0,8506.96,5292.14,3214.82,Delivered,3,March,2025
O01882,C0059,P003,2025-01-11,2,0.0,287.6,208.98,78.62,Delivered,1,January,2025
O01883,C0126,P021,2025-04-18,10,0.2,4342.0,3692.0,650.0,Delivered,4,April,2025
O01884,C0109,P025,2025-01-26,3,0.1,1004.13,834.45,169.68,Delivered,1,January,2025
O01885,C0224,P020,2025-05-31,10,0.05,2342.41,1620.0,722.41,Delivered,5,May,2025
O01886,C0278,P049,2025-08-09,9,0.2,4855.1,3580.29,1274.81,Delivered,8,August,2025
O01887,C0068,P022,2025-12-07,3,0.05,640.25,399.66,240.59,Delivered,12,December,2025
O01888,C0069,P021,2025-08-25,2,0.05,1031.22,738.4,292.82,Delivered,8,August,2025
O01889,C0165,P033,2025-08-25,9,0.0,4962.06,3020.58,1941.48,Cancelled,8,August,2025
O01890,C0162,P038,2025-08-07,13,0.05,5412.76,3498.95,1913.81,Delivered,8,August,2025
O01891,C0042,P015,2025-05-31,10,0.05,765.7,470.3,295.4,Cancelled,5,May,2025
O01892,C0109,P046,2025-05-03,9,0.15,3062.75,2769.39,293.36,Delivered,5,May,2025
O01893,C0051,P015,2025-05-24,4,0.05,306.28,188.12,118.16,Delivered,5,May,2025
O01894,C0250,P046,2025-07-08,14,0.1,5044.54,4307.94,736.6,Delivered,7,July,2025
O01895,C0021,P025,2025-09-12,12,0.0,4462.8,3337.8,1125.0,Delivered,9,September,2025
O01896,C0300,P021,2025-03-09,9,0.0,4884.75,3322.8,1561.95,Delivered,3,March,2025
O01897,C0139,P024,2025-04-14,3,0.1,1166.37,1044.3,122.07,Delivered,4,April,2025
O01898,C0092,P005,2025-12-02,7,0.2,1533.84,1440.67,93.17,Delivered,12,December,2025
O01899,C0280,P006,2025-06-08,7,0.05,2559.05,1685.11,873.94,Delivered,6,June,2025
O01900,C0125,P049,2025-11-05,15,0.15,8597.58,5967.15,2630.43,Delivered,11,November,2025
O01901,C0111,P043,2025-12-28,11,0.05,1516.29,1040.05,476.24,Delivered,12,December,2025
O01902,C0139,P048,2025-10-27,8,0.0,1787.76,1420.0,367.76,Delivered,10,October,2025
O01903,C0273,P044,2025-03-31,10,0.0,1485.1,948.1,537.0,Delivered,3,March,2025
O01904,C0099,P047,2025-12-23,15,0.05,4783.58,3709.5,1074.08,Delivered,12,December,2025
O01905,C0252,P023,2025-09-13,4,0.0,2042.84,1258.56,784.28,Delivered,9,September,2025
O01906,C0104,P004,2025-12-19,3,0.0,696.21,487.68,208.53,Returned,12,December,2025
O01907,C0214,P027,2025-08-08,3,0.15,814.27,600.09,214.18,Delivered,8,August,2025
O01908,C0249,P018,2025-01-09,15,0.0,960.9,778.95,181.95,Delivered,1,January,2025
O01909,C0152,P021,2025-01-12,12,0.1,5861.7,4430.4,1431.3,Delivered,1,January,2025
O01910,C0250,P028,2025-11-21,5,0.05,963.06,866.35,96.71,Cancelled,11,November,2025
O01911,C0275,P035,2025-09-01,11,0.1,1674.49,1122.22,552.27,Delivered,9,September,2025
O01912,C0165,P022,2025-07-01,15,0.1,3032.78,1998.3,1034.48,Delivered,7,July,2025
O01913,C0008,P040,2025-10-11,14,0.05,1445.31,1181.6,263.71,Delivered,10,October,2025
O01914,C0284,P023,2025-11-08,1,0.05,485.17,314.64,170.53,Delivered,11,November,2025
O01915,C0005,P003,2025-04-09,10,0.15,1222.3,1044.9,177.4,Delivered,4,April,2025
O01916,C0145,P040,2025-07-16,3,0.2,260.81,253.2,7.61,Delivered,7,July,2025
O01917,C0101,P050,2025-08-14,14,0.0,4027.66,2685.06,1342.6,Delivered,8,August,2025
O01918,C0164,P010,2025-11-29,6,0.0,1222.98,886.02,336.96,Returned,11,November,2025
O01919,C0147,P025,2025-04-13,3,0.2,892.56,834.45,58.11,Delivered,4,April,2025
O01920,C0064,P049,2025-04-16,5,0.05,3203.02,1989.05,1213.97,Delivered,4,April,2025
O01921,C0091,P008,2025-12-31,9,0.1,770.88,664.29,106.59,Delivered,12,December,2025
O01922,C0117,P011,2025-02-27,2,0.05,762.94,544.06,218.88,Delivered,2,February,2025
O01923,C0267,P005,2025-03-19,11,0.0,3012.9,2263.91,748.99,Delivered,3,March,2025
O01924,C0173,P045,2025-03-16,2,0.1,985.93,742.38,243.55,Delivered,3,March,2025
O01925,C0047,P037,2025-02-11,12,0.1,5097.82,4079.76,1018.06,Delivered,2,February,2025
O01926,C0140,P045,2025-11-20,6,0.0,3286.44,2227.14,1059.3,Delivered,11,November,2025
O01927,C0246,P038,2025-06-30,6,0.1,2366.71,1614.9,751.81,Delivered,6,June,2025
O01928,C0149,P029,2025-02-02,11,0.15,5859.55,4620.55,1239.0,Delivered,2,February,2025
O01929,C0246,P005,2025-03-12,11,0.1,2711.61,2263.91,447.7,Delivered,3,March,2025
O01930,C0005,P009,2025-02-25,8,0.0,3846.0,2276.08,1569.92,Delivered,2,February,2025
O01931,C0184,P048,2025-04-15,12,0.1,2413.48,2130.0,283.48,Delivered,4,April,2025
O01932,C0020,P002,2025-07-19,13,0.15,5498.37,4576.39,921.98,Delivered,7,July,2025
O01933,C0046,P001,2025-04-11,11,0.15,2207.91,1583.89,624.02,Delivered,4,April,2025
O01934,C0012,P040,2025-09-13,14,0.1,1369.24,1181.6,187.64,Delivered,9,September,2025
O01935,C0070,P030,2025-11-03,2,0.0,1215.28,756.02,459.26,Delivered,11,November,2025
O01936,C0017,P011,2025-03-15,9,0.15,3071.86,2448.27,623.59,Delivered,3,March,2025
O01937,C0147,P028,2025-06-20,15,0.15,2585.06,2599.05,-13.99,Delivered,6,June,2025
O01938,C0154,P044,2025-05-23,2,0.0,297.02,189.62,107.4,Delivered,5,May,2025
O01939,C0108,P012,2025-06-15,13,0.1,1795.6,1177.8,617.8,Delivered,6,June,2025
O01940,C0236,P039,2025-09-18,1,0.05,450.9,382.78,68.12,Delivered,9,September,2025
O01941,C0070,P026,2025-08-09,10,0.15,2489.14,2254.2,234.94,Returned,8,August,2025
O01942,C0183,P013,2025-03-24,2,0.0,699.7,458.96,240.74,Delivered,3,March,2025
O01943,C0250,P008,2025-07-01,12,0.1,1027.84,885.72,142.12,Delivered,7,July,2025
O01944,C0228,P028,2025-11-03,7,0.2,1135.4,1212.89,-77.49,Returned,11,November,2025
O01945,C0102,P030,2025-01-10,8,0.15,4131.95,3024.08,1107.87,Delivered,1,January,2025
O01946,C0075,P009,2025-01-04,5,0.2,1923.0,1422.55,500.45,Delivered,1,January,2025
O01947,C0216,P039,2025-12-17,6,0.25,2135.84,2296.68,-160.84,Delivered,12,December,2025
O01948,C0203,P031,2025-12-02,12,0.0,8751.84,5221.68,3530.16,Delivered,12,December,2025
O01949,C0192,P021,2025-10-19,1,0.1,488.48,369.2,119.28,Delivered,10,October,2025
O01950,C0249,P047,2025-10-08,15,0.1,4531.82,3709.5,822.32,Cancelled,10,October,2025
O01951,C0242,P034,2025-08-03,6,0.2,2474.35,2542.74,-68.39,Delivered,8,August,2025
O01952,C0179,P031,2025-04-08,12,0.05,8314.25,5221.68,3092.57,Delivered,4,April,2025
O01953,C0219,P025,2025-04-11,15,0.25,4183.88,4172.25,11.63,Delivered,4,April,2025
O01954,C0082,P012,2025-01-09,8,0.1,1104.98,724.8,380.18,Delivered,1,January,2025
O01955,C0092,P001,2025-03-02,13,0.15,2609.35,1871.87,737.48,Delivered,3,March,2025
O01956,C0175,P022,2025-11-05,3,0.0,673.95,399.66,274.29,Delivered,11,November,2025
O01957,C0239,P040,2025-05-26,11,0.0,1195.37,928.4,266.97,Delivered,5,May,2025
O01958,C0260,P037,2025-03-04,1,0.15,401.22,339.98,61.24,Delivered,3,March,2025
O01959,C0163,P047,2025-05-01,11,0.0,3692.59,2720.3,972.29,Cancelled,5,May,2025
O01960,C0048,P001,2025-08-14,4,0.15,802.88,575.96,226.92,Delivered,8,August,2025
O01961,C0116,P001,2025-04-15,1,0.0,236.14,143.99,92.15,Delivered,4,April,2025
O01962,C0225,P042,2025-09-17,14,0.15,2083.81,1549.66,534.15,Delivered,9,September,2025
O01963,C0147,P042,2025-12-15,8,0.05,1330.84,885.52,445.32,Delivered,12,December,2025
O01964,C0063,P021,2025-09-12,5,0.1,2442.38,1846.0,596.38,Delivered,9,September,2025
O01965,C0294,P015,2025-07-26,1,0.15,68.51,47.03,21.48,Delivered,7,July,2025
O01966,C0013,P017,2025-01-28,14,0.05,1475.64,1149.82,325.82,Delivered,1,January,2025
O01967,C0189,P022,2025-06-19,8,0.0,1797.2,1065.76,731.44,Delivered,6,June,2025
O01968,C0287,P038,2025-12-02,9,0.0,3944.52,2422.35,1522.17,Returned,12,December,2025
O01969,C0208,P035,2025-03-17,10,0.1,1522.26,1020.2,502.06,Delivered,3,March,2025
O01970,C0114,P045,2025-04-26,2,0.1,985.93,742.38,243.55,Cancelled,4,April,2025
O01971,C0022,P016,2025-03-10,9,0.15,1962.68,1512.54,450.14,Delivered,3,March,2025
O01972,C0214,P008,2025-12-20,8,0.1,685.22,590.48,94.74,Delivered,12,December,2025
O01973,C0171,P047,2025-08-22,7,0.1,2114.85,1731.1,383.75,Delivered,8,August,2025
O01974,C0054,P017,2025-01-01,3,0.05,316.21,246.39,69.82,Delivered,1,January,2025
O01975,C0298,P017,2025-06-16,2,0.0,221.9,164.26,57.64,Delivered,6,June,2025
O01976,C0126,P026,2025-12-18,7,0.05,1947.39,1577.94,369.45,Delivered,12,December,2025
O01977,C0277,P013,2025-08-06,15,0.25,3935.81,3442.2,493.61,Delivered,8,August,2025
O01978,C0204,P017,2025-09-30,5,0.2,443.8,410.65,33.15,Cancelled,9,September,2025
O01979,C0194,P038,2025-09-08,6,0.05,2498.2,1614.9,883.3,Delivered,9,September,2025
O01980,C0169,P017,2025-12-13,4,0.1,399.42,328.52,70.9,Delivered,12,December,2025
O01981,C0152,P048,2025-12-10,2,0.15,379.9,355.0,24.9,Delivered,12,December,2025
O01982,C0035,P014,2025-06-23,9,0.1,2484.11,2262.15,221.96,Delivered,6,June,2025
O01983,C0184,P045,2025-06-19,3,0.0,1643.22,1113.57,529.65,Delivered,6,June,2025
O01984,C0286,P006,2025-09-03,12,0.0,4617.84,2888.76,1729.08,Delivered,9,September,2025
O01985,C0057,P035,2025-03-31,14,0.1,2131.16,1428.28,702.88,Delivered,3,March,2025
O01986,C0222,P046,2025-02-18,7,0.25,2101.89,2153.97,-52.08,Delivered,2,February,2025
O01987,C0163,P014,2025-10-21,14,0.15,3649.49,3518.9,130.59,Delivered,10,October,2025
O01988,C0019,P047,2025-05-30,8,0.0,2685.52,1978.4,707.12,Delivered,5,May,2025
O01989,C0264,P008,2025-05-12,2,0.0,190.34,147.62,42.72,Delivered,5,May,2025
O01990,C0282,P015,2025-02-28,14,0.15,959.14,658.42,300.72,Delivered,2,February,2025
O01991,C0113,P027,2025-11-20,6,0.15,1628.53,1200.18,428.35,Returned,11,November,2025
O01992,C0030,P013,2025-07-18,11,0.1,3463.52,2524.28,939.24,Delivered,7,July,2025
O01993,C0135,P049,2025-08-03,8,0.1,4855.1,3182.48,1672.62,Delivered,8,August,2025
O01994,C0067,P031,2025-02-18,7,0.0,5105.24,3045.98,2059.26,Delivered,2,February,2025
O01995,C0065,P035,2025-08-20,11,0.15,1581.46,1122.22,459.24,Delivered,8,August,2025
O01996,C0292,P006,2025-09-04,3,0.15,981.29,722.19,259.1,Cancelled,9,September,2025
O01997,C0025,P005,2025-08-27,1,0.05,260.2,205.81,54.39,Delivered,8,August,2025
O01998,C0037,P022,2025-06-17,14,0.15,2673.34,1865.08,808.26,Delivered,6,June,2025
O01999,C0001,P049,2025-02-17,6,0.0,4045.92,2386.86,1659.06,Returned,2,February,2025
O02000,C0037,P023,2025-02-20,8,0.0,4085.68,2517.12,1568.56,Delivered,2,February,2025
